standard_id,standard_id_norm,curriculum_version,grade_band,grade_level,subject_code,subject_name_ko,domain_code,domain_name_ko,standard_text_ko,standard_text_en,cognitive_level,cefr_alignment,communication_function,grammar_elements,text_type,topic_tags,target_vocab_level,source_document,source_page,effective_date,verification_status,last_verified,notes
[10공영2-02-09],2022_10공영2-02-09,2022,high,1-3학년,ENG,공통영어2,EXP,표현,다른 사람과 의견을 조율하며 문제 해결을 위해 협력한다.,,,,,,,,,KICE STAS 학생평가지원포털 (stas.moe.go.kr),,,kice_verified,2026-07-04,STAS API 자동수집. 원천 대조(별책14) 필요. course=영어 | NCIC 성취수준 문서 코드·문구 실재 확인
[10기영1-02-01],2022_10기영1-02-01,2022,high,1-3학년,ENG,기본영어1,표현 ,표현 영역,"실물, 그림, 사진, 도표 등에 포함된 사실적 정보를 설명한다.",,,,,,,,,KICE STAS 학생평가지원포털 (stas.moe.go.kr),,,kice_verified,2026-07-04,STAS API 자동수집. 원천 대조(별책14) 필요. course=영어 | NCIC 성취수준 문서 코드·문구 실재 확인
[10기영1-02-02],2022_10기영1-02-02,2022,high,1-3학년,ENG,기본영어1,표현 ,표현 영역,경험이나 사건을 묘사한다.,,,,,,,,,KICE STAS 학생평가지원포털 (stas.moe.go.kr),,,kice_verified,2026-07-04,STAS API 자동수집. 원천 대조(별책14) 필요. course=영어 | NCIC 성취수준 문서 코드·문구 실재 확인
[10기영1-02-03],2022_10기영1-02-03,2022,high,1-3학년,ENG,기본영어1,표현 ,표현 영역,자신의 의견이나 감정을 표현한다.,,,,,,,,,KICE STAS 학생평가지원포털 (stas.moe.go.kr),,,kice_verified,2026-07-04,STAS API 자동수집. 원천 대조(별책14) 필요. course=영어 | NCIC 성취수준 문서 코드·문구 실재 확인
[10기영1-02-04],2022_10기영1-02-04,2022,high,1-3학년,ENG,기본영어1,표현 ,표현 영역,목적에 적합한 매체를 활용하여 정보를 전달한다.,,,,,,,,,KICE STAS 학생평가지원포털 (stas.moe.go.kr),,,kice_verified,2026-07-04,STAS API 자동수집. 원천 대조(별책14) 필요. course=영어 | NCIC 성취수준 문서 코드·문구 실재 확인
[10기영1-02-05],2022_10기영1-02-05,2022,high,1-3학년,ENG,기본영어1,표현 ,표현 영역,주어진 서식에 맞게 말하거나 글을 쓸 수 있다.,,,,,,,,,KICE STAS 학생평가지원포털 (stas.moe.go.kr),,,kice_verified,2026-07-04,STAS API 자동수집. 원천 대조(별책14) 필요. course=영어 | NCIC 성취수준 문서 코드·문구 실재 확인
[10기영1-02-06],2022_10기영1-02-06,2022,high,1-3학년,ENG,기본영어1,표현 ,표현 영역,말이나 글의 목적에 맞게 내용이나 표현을 점검하여 고쳐 쓴다.,,,,,,,,,KICE STAS 학생평가지원포털 (stas.moe.go.kr),,,kice_verified,2026-07-04,STAS API 자동수집. 원천 대조(별책14) 필요. course=영어 | NCIC 성취수준 문서 코드·문구 실재 확인
[10기영1-02-07],2022_10기영1-02-07,2022,high,1-3학년,ENG,기본영어1,표현 ,표현 영역,적절한 말하기 또는 쓰기 전략을 적용하고 성찰한다.,,,,,,,,,KICE STAS 학생평가지원포털 (stas.moe.go.kr),,,kice_verified,2026-07-04,STAS API 자동수집. 원천 대조(별책14) 필요. course=영어 | NCIC 성취수준 문서 코드·문구 실재 확인
[10기영1-02-08],2022_10기영1-02-08,2022,high,1-3학년,ENG,기본영어1,표현 ,표현 영역,의사소통 활동에 흥미와 자신감을 가지고 능동적으로 참여한다.,,,,,,,,,KICE STAS 학생평가지원포털 (stas.moe.go.kr),,,kice_verified,2026-07-04,STAS API 자동수집. 원천 대조(별책14) 필요. course=영어 | NCIC 성취수준 문서 코드·문구 실재 확인
[10기영2-02-01],2022_10기영2-02-01,2022,high,1-3학년,ENG,기본영어2,표현 ,표현 영역,"실물, 그림, 사진, 도표 등에 포함된 사실적 정보를 설명한다.",,,,,,,,,KICE STAS 학생평가지원포털 (stas.moe.go.kr),,,kice_verified,2026-07-04,STAS API 자동수집. 원천 대조(별책14) 필요. course=영어 | NCIC 성취수준 문서 코드·문구 실재 확인
[10기영2-02-02],2022_10기영2-02-02,2022,high,1-3학년,ENG,기본영어2,표현 ,표현 영역,경험이나 사건을 묘사한다.,,,,,,,,,KICE STAS 학생평가지원포털 (stas.moe.go.kr),,,kice_verified,2026-07-04,STAS API 자동수집. 원천 대조(별책14) 필요. course=영어 | NCIC 성취수준 문서 코드·문구 실재 확인
[10기영2-02-03],2022_10기영2-02-03,2022,high,1-3학년,ENG,기본영어2,표현 ,표현 영역,자신의 의견이나 감정을 근거를 들어 표현한다.,,,,,,,,,KICE STAS 학생평가지원포털 (stas.moe.go.kr),,,kice_verified,2026-07-04,STAS API 자동수집. 원천 대조(별책14) 필요. course=영어 | NCIC 성취수준 문서 코드·문구 실재 확인
[10기영2-02-04],2022_10기영2-02-04,2022,high,1-3학년,ENG,기본영어2,표현 ,표현 영역,목적에 적합한 매체를 활용하여 정보를 전달한다.,,,,,,,,,KICE STAS 학생평가지원포털 (stas.moe.go.kr),,,kice_verified,2026-07-04,STAS API 자동수집. 원천 대조(별책14) 필요. course=영어 | NCIC 성취수준 문서 코드·문구 실재 확인
[10기영2-02-05],2022_10기영2-02-05,2022,high,1-3학년,ENG,기본영어2,표현 ,표현 영역,주어진 서식을 활용하여 말하거나 글을 쓴다.,,,,,,,,,KICE STAS 학생평가지원포털 (stas.moe.go.kr),,,kice_verified,2026-07-04,STAS API 자동수집. 원천 대조(별책14) 필요. course=영어 | NCIC 성취수준 문서 코드·문구 실재 확인
[10기영2-02-06],2022_10기영2-02-06,2022,high,1-3학년,ENG,기본영어2,표현 ,표현 영역,말이나 글의 목적에 맞게 내용이나 표현을 점검하여 고쳐 쓴다.,,,,,,,,,KICE STAS 학생평가지원포털 (stas.moe.go.kr),,,kice_verified,2026-07-04,STAS API 자동수집. 원천 대조(별책14) 필요. course=영어 | NCIC 성취수준 문서 코드·문구 실재 확인
[10기영2-02-07],2022_10기영2-02-07,2022,high,1-3학년,ENG,기본영어2,표현 ,표현 영역,적절한 말하기 또는 쓰기 전략을 적용하고 성찰한다.,,,,,,,,,KICE STAS 학생평가지원포털 (stas.moe.go.kr),,,kice_verified,2026-07-04,STAS API 자동수집. 원천 대조(별책14) 필요. course=영어 | NCIC 성취수준 문서 코드·문구 실재 확인
[10기영2-02-08],2022_10기영2-02-08,2022,high,1-3학년,ENG,기본영어2,표현 ,표현 영역,의사소통 활동에 흥미와 자신감을 가지고 능동적으로 참여한다.,,,,,,,,,KICE STAS 학생평가지원포털 (stas.moe.go.kr),,,kice_verified,2026-07-04,STAS API 자동수집. 원천 대조(별책14) 필요. course=영어 | NCIC 성취수준 문서 코드·문구 실재 확인
[12미영01-01],2022_12미영01-01,2022,high,1-3학년,ENG,미디어 영어,,,영어 검색 엔진을 활용하여 필요한 정보를 찾아낸다.,,,,,,,,,KICE STAS 학생평가지원포털 (stas.moe.go.kr),,,kice_verified,2026-07-04,STAS API 자동수집. 원천 대조(별책14) 필요. course=영어 | NCIC 성취수준 문서 코드·문구 실재 확인
[12미영01-02],2022_12미영01-02,2022,high,1-3학년,ENG,미디어 영어,,,다양한 주제에 대한 창의적 문제 해결을 위해 미디어를 활용하여 협업한다.,,,,,,,,,KICE STAS 학생평가지원포털 (stas.moe.go.kr),,,kice_verified,2026-07-04,STAS API 자동수집. 원천 대조(별책14) 필요. course=영어 | NCIC 성취수준 문서 코드·문구 실재 확인
[12미영01-03],2022_12미영01-03,2022,high,1-3학년,ENG,미디어 영어,,,미디어 정보에서 핵심어를 추출하여 내용을 요약하거나 재구성한다.,,,,,,,,,KICE STAS 학생평가지원포털 (stas.moe.go.kr),,,kice_verified,2026-07-04,STAS API 자동수집. 원천 대조(별책14) 필요. course=영어 | NCIC 성취수준 문서 코드·문구 실재 확인
[12미영01-04],2022_12미영01-04,2022,high,1-3학년,ENG,미디어 영어,,,"미디어 정보를 비판적 태도로 검색, 선정, 비교 및 분석한다.",,,,,,,,,KICE STAS 학생평가지원포털 (stas.moe.go.kr),,,kice_verified,2026-07-04,STAS API 자동수집. 원천 대조(별책14) 필요. course=영어 | NCIC 성취수준 문서 코드·문구 실재 확인
[12미영01-05],2022_12미영01-05,2022,high,1-3학년,ENG,미디어 영어,,,목적이나 대상에 적합한 미디어를 활용하여 의견이나 정보를 공유한다.,,,,,,,,,KICE STAS 학생평가지원포털 (stas.moe.go.kr),,,kice_verified,2026-07-04,STAS API 자동수집. 원천 대조(별책14) 필요. course=영어 | NCIC 성취수준 문서 코드·문구 실재 확인
[12미영01-06],2022_12미영01-06,2022,high,1-3학년,ENG,미디어 영어,,,미디어 정보를 융합하고 적절한 도구를 활용하여 콘텐츠를 제작한다.,,,,,,,,,KICE STAS 학생평가지원포털 (stas.moe.go.kr),,,kice_verified,2026-07-04,STAS API 자동수집. 원천 대조(별책14) 필요. course=영어 | NCIC 성취수준 문서 코드·문구 실재 확인
[12미영01-07],2022_12미영01-07,2022,high,1-3학년,ENG,미디어 영어,,,미디어에서 접하는 다양한 시청각 단서를 이해하거나 적절하게 표현한다.,,,,,,,,,KICE STAS 학생평가지원포털 (stas.moe.go.kr),,,kice_verified,2026-07-04,STAS API 자동수집. 원천 대조(별책14) 필요. course=영어 | NCIC 성취수준 문서 코드·문구 실재 확인
[12미영01-08],2022_12미영01-08,2022,high,1-3학년,ENG,미디어 영어,,,미디어에 제시된 작품을 감상하고 다양한 관점에서 평가한다.,,,,,,,,,KICE STAS 학생평가지원포털 (stas.moe.go.kr),,,kice_verified,2026-07-04,STAS API 자동수집. 원천 대조(별책14) 필요. course=영어 | NCIC 성취수준 문서 코드·문구 실재 확인
[12미영01-09],2022_12미영01-09,2022,high,1-3학년,ENG,미디어 영어,,,미디어 정보를 창의적ㆍ비판적으로 처리하기 위해 정보의 출처를 확인하고 정보 보안을 준수한다.,,,,,,,,,KICE STAS 학생평가지원포털 (stas.moe.go.kr),,,kice_verified,2026-07-04,STAS API 자동수집. 원천 대조(별책14) 필요. course=영어 | NCIC 성취수준 문서 코드·문구 실재 확인
[12미영01-10],2022_12미영01-10,2022,high,1-3학년,ENG,미디어 영어,,,오류 수정을 위해 디지털 도구를 적절히 활용한다.,,,,,,,,,KICE STAS 학생평가지원포털 (stas.moe.go.kr),,,kice_verified,2026-07-04,STAS API 자동수집. 원천 대조(별책14) 필요. course=영어 | NCIC 성취수준 문서 코드·문구 실재 확인
[12세영01-01],2022_12세영01-01,2022,high,1-3학년,ENG,세계 문화와 영어,,,적절한 전략을 사용하여 다양한 장르와 매체의 문화 정보나 문화적 산물의 핵심 내용을 파악한다.,,,,,,,,,KICE STAS 학생평가지원포털 (stas.moe.go.kr),,,kice_verified,2026-07-04,STAS API 자동수집. 원천 대조(별책14) 필요. course=영어 | NCIC 성취수준 문서 코드·문구 실재 확인
[12세영01-02],2022_12세영01-02,2022,high,1-3학년,ENG,세계 문화와 영어,,,문화 관련 주요 개념을 적용하여 문화 현상을 분석하고 새로운 관점으로 설명한다.,,,,,,,,,KICE STAS 학생평가지원포털 (stas.moe.go.kr),,,kice_verified,2026-07-04,STAS API 자동수집. 원천 대조(별책14) 필요. course=영어 | NCIC 성취수준 문서 코드·문구 실재 확인
[12세영01-03],2022_12세영01-03,2022,high,1-3학년,ENG,세계 문화와 영어,,,타 문화 및 언어에 대한 존중을 바탕으로 문화 정보를 수용하고 자신의 의견을 표현한다.,,,,,,,,,KICE STAS 학생평가지원포털 (stas.moe.go.kr),,,kice_verified,2026-07-04,STAS API 자동수집. 원천 대조(별책14) 필요. course=영어 | NCIC 성취수준 문서 코드·문구 실재 확인
[12세영01-04],2022_12세영01-04,2022,high,1-3학년,ENG,세계 문화와 영어,,,문화 현상이나 문화적 산물을 비교ㆍ대조하여 문화의 보편성과 특수성을 파악한다.,,,,,,,,,KICE STAS 학생평가지원포털 (stas.moe.go.kr),,,kice_verified,2026-07-04,STAS API 자동수집. 원천 대조(별책14) 필요. course=영어 | NCIC 성취수준 문서 코드·문구 실재 확인
[12세영01-05],2022_12세영01-05,2022,high,1-3학년,ENG,세계 문화와 영어,,,"문화적 산물이나 문화 현상에 내재된 문화적 전제, 관점 또는 가치관을 추론한다.",,,,,,,,,KICE STAS 학생평가지원포털 (stas.moe.go.kr),,,kice_verified,2026-07-04,STAS API 자동수집. 원천 대조(별책14) 필요. course=영어 | NCIC 성취수준 문서 코드·문구 실재 확인
[12세영01-06],2022_12세영01-06,2022,high,1-3학년,ENG,세계 문화와 영어,,,"다른 문화권의 관습, 규범, 가치, 사고방식, 행동 양식 또는 의사소통 방식을 이해하고 자신의 문화 인식 및 관점을 비판적으로 성찰한다.",,,,,,,,,KICE STAS 학생평가지원포털 (stas.moe.go.kr),,,kice_verified,2026-07-04,STAS API 자동수집. 원천 대조(별책14) 필요. course=영어 | NCIC 성취수준 문서 코드·문구 실재 확인
[12세영01-07],2022_12세영01-07,2022,high,1-3학년,ENG,세계 문화와 영어,,,자발적ㆍ지속적 관심과 흥미를 가지고 다양한 문화적 산물을 감상하고 표현한다.,,,,,,,,,KICE STAS 학생평가지원포털 (stas.moe.go.kr),,,kice_verified,2026-07-04,STAS API 자동수집. 원천 대조(별책14) 필요. course=영어 | NCIC 성취수준 문서 코드·문구 실재 확인
[12세영01-08],2022_12세영01-08,2022,high,1-3학년,ENG,세계 문화와 영어,,,세계 영어에 대한 이해를 바탕으로 적절한 전략과 태도를 갖추어 의사소통에 참여한다.,,,,,,,,,KICE STAS 학생평가지원포털 (stas.moe.go.kr),,,kice_verified,2026-07-04,STAS API 자동수집. 원천 대조(별책14) 필요. course=영어 | NCIC 성취수준 문서 코드·문구 실재 확인
[12세영01-09],2022_12세영01-09,2022,high,1-3학년,ENG,세계 문화와 영어,,,다양한 장르와 매체에서 검색ㆍ수집한 문화 정보를 요약하거나 목적에 맞게 재구성한다.,,,,,,,,,KICE STAS 학생평가지원포털 (stas.moe.go.kr),,,kice_verified,2026-07-04,STAS API 자동수집. 원천 대조(별책14) 필요. course=영어 | NCIC 성취수준 문서 코드·문구 실재 확인
[12세영01-10],2022_12세영01-10,2022,high,1-3학년,ENG,세계 문화와 영어,,,정보 윤리를 준수하여 다양한 목적의 문화 콘텐츠를 제작하여 공유한다.,,,,,,,,,KICE STAS 학생평가지원포털 (stas.moe.go.kr),,,kice_verified,2026-07-04,STAS API 자동수집. 원천 대조(별책14) 필요. course=영어 | NCIC 성취수준 문서 코드·문구 실재 확인
[12실영01-01],2015_12실영01-01,2015,high,1-3학년,ENG,실용 영어,듣기 ,듣기 영역,"실생활 중심의 다양한 주제에 관한 방송, 광고, 안내 등을 듣고 세부 정보를 파악할 수 있다.",,,,,,,,,KICE STAS 학생평가지원포털 (stas.moe.go.kr),,,kice_verified,2026-07-04,STAS API 자동수집. 원천 대조(별책14) 필요. course=영어 | NCIC 성취수준 문서 코드·문구 실재 확인
[12실영01-02],2015_12실영01-02,2015,high,1-3학년,ENG,실용 영어,듣기 ,듣기 영역,실생활 중심의 다양한 주제에 관한 말이나 대화를 듣고 주제 및 요지를 파악할 수 있다.,,,,,,,,,KICE STAS 학생평가지원포털 (stas.moe.go.kr),,,kice_verified,2026-07-04,STAS API 자동수집. 원천 대조(별책14) 필요. course=영어 | NCIC 성취수준 문서 코드·문구 실재 확인
[12실영01-03],2015_12실영01-03,2015,high,1-3학년,ENG,실용 영어,듣기 ,듣기 영역,실생활 중심의 다양한 주제에 관한 말이나 대화를 듣고 내용의 논리적 관계를 파악할 수 있다.,,,,,,,,,KICE STAS 학생평가지원포털 (stas.moe.go.kr),,,kice_verified,2026-07-04,STAS API 자동수집. 원천 대조(별책14) 필요. course=영어 | NCIC 성취수준 문서 코드·문구 실재 확인
[12실영01-04],2015_12실영01-04,2015,high,1-3학년,ENG,실용 영어,듣기 ,듣기 영역,실생활 중심의 다양한 주제에 관한 말이나 대화를 듣고 화자의 의도나 말의 목적을 파악할 수 있다.,,,,,,,,,KICE STAS 학생평가지원포털 (stas.moe.go.kr),,,kice_verified,2026-07-04,STAS API 자동수집. 원천 대조(별책14) 필요. course=영어 | NCIC 성취수준 문서 코드·문구 실재 확인
[12실영01-05],2022_12실영01-05,2022,high,1-3학년,ENG,실생활 영어 회화,,,실생활에 관한 경험이나 사건 또는 간단한 시각 자료를 묘사한다.,,,,,,,,,KICE STAS 학생평가지원포털 (stas.moe.go.kr),,,kice_verified,2026-07-04,STAS API 자동수집. 원천 대조(별책14) 필요. course=영어 | NCIC 성취수준 문서 코드·문구 실재 확인
[12실영01-06],2022_12실영01-06,2022,high,1-3학년,ENG,실생활 영어 회화,,,실생활에 필요한 일의 방법이나 절차를 설명한다.,,,,,,,,,KICE STAS 학생평가지원포털 (stas.moe.go.kr),,,kice_verified,2026-07-04,STAS API 자동수집. 원천 대조(별책14) 필요. course=영어 | NCIC 성취수준 문서 코드·문구 실재 확인
[12실영01-07],2022_12실영01-07,2022,high,1-3학년,ENG,실생활 영어 회화,,,실생활에서 상황이나 목적에 맞게 대화를 이어 간다.,,,,,,,,,KICE STAS 학생평가지원포털 (stas.moe.go.kr),,,kice_verified,2026-07-04,STAS API 자동수집. 원천 대조(별책14) 필요. course=영어 | NCIC 성취수준 문서 코드·문구 실재 확인
[12실영01-08],2022_12실영01-08,2022,high,1-3학년,ENG,실생활 영어 회화,,,의사소통 상황이나 목적에 맞게 언어적ㆍ비언어적 표현을 사용하여 반응한다.,,,,,,,,,KICE STAS 학생평가지원포털 (stas.moe.go.kr),,,kice_verified,2026-07-04,STAS API 자동수집. 원천 대조(별책14) 필요. course=영어 | NCIC 성취수준 문서 코드·문구 실재 확인
[12실영01-09],2022_12실영01-09,2022,high,1-3학년,ENG,실생활 영어 회화,,,의사소통 상황이나 목적에 맞게 적절한 전략을 적용하여 대화에 참여한다.,,,,,,,,,KICE STAS 학생평가지원포털 (stas.moe.go.kr),,,kice_verified,2026-07-04,STAS API 자동수집. 원천 대조(별책14) 필요. course=영어 | NCIC 성취수준 문서 코드·문구 실재 확인
[12실영02-01],2015_12실영02-01,2015,high,1-3학년,ENG,실용 영어,말하기,말하기 영역,실생활 중심의 다양한 주제에 관하여 듣거나 읽고 세부 정보를 설명할 수 있다.,,,,,,,,,KICE STAS 학생평가지원포털 (stas.moe.go.kr),,,kice_verified,2026-07-04,STAS API 자동수집. 원천 대조(별책14) 필요. course=영어 | NCIC 성취수준 문서 코드·문구 실재 확인
[12실영02-02],2015_12실영02-02,2015,high,1-3학년,ENG,실용 영어,말하기,말하기 영역,실생활 중심의 다양한 주제에 관하여 듣거나 읽고 중심 내용을 말할 수 있다.,,,,,,,,,KICE STAS 학생평가지원포털 (stas.moe.go.kr),,,kice_verified,2026-07-04,STAS API 자동수집. 원천 대조(별책14) 필요. course=영어 | NCIC 성취수준 문서 코드·문구 실재 확인
[12실영02-03],2015_12실영02-03,2015,high,1-3학년,ENG,실용 영어,말하기,말하기 영역,실생활 중심의 다양한 주제에 관해 자신의 의견이나 감정을 표현할 수 있다.,,,,,,,,,KICE STAS 학생평가지원포털 (stas.moe.go.kr),,,kice_verified,2026-07-04,STAS API 자동수집. 원천 대조(별책14) 필요. course=영어 | NCIC 성취수준 문서 코드·문구 실재 확인
[12실영02-04],2015_12실영02-04,2015,high,1-3학년,ENG,실용 영어,말하기,말하기 영역,실생활 중심의 다양한 주제에 관한 정보를 묻고 답할 수 있다.,,,,,,,,,KICE STAS 학생평가지원포털 (stas.moe.go.kr),,,kice_verified,2026-07-04,STAS API 자동수집. 원천 대조(별책14) 필요. course=영어 | NCIC 성취수준 문서 코드·문구 실재 확인
[12실영02-05],2015_12실영02-05,2015,high,1-3학년,ENG,실용 영어,말하기,말하기 영역,"실생활 중심의 다양한 주제에 관해 그림, 도표, 서식 등을 활용하여 설명할 수 있다.",,,,,,,,,KICE STAS 학생평가지원포털 (stas.moe.go.kr),,,kice_verified,2026-07-04,STAS API 자동수집. 원천 대조(별책14) 필요. course=영어 | NCIC 성취수준 문서 코드·문구 실재 확인
[12실영03-01],2015_12실영03-01,2015,high,1-3학년,ENG,실용 영어,읽기 ,읽기 영역,"실생활 중심의 다양한 주제에 관한 광고, 안내문 등을 읽고 세부 정보를 파악할 수 있다.",,,,,,,,,KICE STAS 학생평가지원포털 (stas.moe.go.kr),,,kice_verified,2026-07-04,STAS API 자동수집. 원천 대조(별책14) 필요. course=영어 | NCIC 성취수준 문서 코드·문구 실재 확인
[12실영03-02],2015_12실영03-02,2015,high,1-3학년,ENG,실용 영어,읽기 ,읽기 영역,실생활 중심의 다양한 주제에 관한 글을 읽고 주제 및 요지를 파악할 수 있다.,,,,,,,,,KICE STAS 학생평가지원포털 (stas.moe.go.kr),,,kice_verified,2026-07-04,STAS API 자동수집. 원천 대조(별책14) 필요. course=영어 | NCIC 성취수준 문서 코드·문구 실재 확인
[12실영03-03],2015_12실영03-03,2015,high,1-3학년,ENG,실용 영어,읽기 ,읽기 영역,실생활 중심의 다양한 주제에 관한 글을 읽고 내용의 논리적 관계를 파악할 수 있다.,,,,,,,,,KICE STAS 학생평가지원포털 (stas.moe.go.kr),,,kice_verified,2026-07-04,STAS API 자동수집. 원천 대조(별책14) 필요. course=영어 | NCIC 성취수준 문서 코드·문구 실재 확인
[12실영03-04],2015_12실영03-04,2015,high,1-3학년,ENG,실용 영어,읽기 ,읽기 영역,실생활 중심의 다양한 주제에 관한 글을 읽고 필자의 의도나 글의 목적을 파악할 수 있다.,,,,,,,,,KICE STAS 학생평가지원포털 (stas.moe.go.kr),,,kice_verified,2026-07-04,STAS API 자동수집. 원천 대조(별책14) 필요. course=영어 | NCIC 성취수준 문서 코드·문구 실재 확인
[12실영04-01],2015_12실영04-01,2015,high,1-3학년,ENG,실용 영어,쓰기 ,쓰기 영역,실생활 중심의 다양한 주제에 관하여 듣거나 읽고 필요한 정보를 기록할 수 있다.,,,,,,,,,KICE STAS 학생평가지원포털 (stas.moe.go.kr),,,kice_verified,2026-07-04,STAS API 자동수집. 원천 대조(별책14) 필요. course=영어 | NCIC 성취수준 문서 코드·문구 실재 확인
[12실영04-02],2015_12실영04-02,2015,high,1-3학년,ENG,실용 영어,쓰기 ,쓰기 영역,실생활 중심의 다양한 주제에 관해 자신의 의견이나 감정을 쓸 수 있다.,,,,,,,,,KICE STAS 학생평가지원포털 (stas.moe.go.kr),,,kice_verified,2026-07-04,STAS API 자동수집. 원천 대조(별책14) 필요. course=영어 | NCIC 성취수준 문서 코드·문구 실재 확인
[12실영04-03],2015_12실영04-03,2015,high,1-3학년,ENG,실용 영어,쓰기 ,쓰기 영역,"서식, 이메일, 메모 등을 상황과 목적에 맞게 작성할 수 있다.",,,,,,,,,KICE STAS 학생평가지원포털 (stas.moe.go.kr),,,kice_verified,2026-07-04,STAS API 자동수집. 원천 대조(별책14) 필요. course=영어 | NCIC 성취수준 문서 코드·문구 실재 확인
[12실영04-04],2015_12실영04-04,2015,high,1-3학년,ENG,실용 영어,쓰기 ,쓰기 영역,"실생활 중심의 다양한 주제에 관한 그림, 도표 등을 간단히 설명하는 글을 쓸 수 있다.",,,,,,,,,KICE STAS 학생평가지원포털 (stas.moe.go.kr),,,kice_verified,2026-07-04,STAS API 자동수집. 원천 대조(별책14) 필요. course=영어 | NCIC 성취수준 문서 코드·문구 실재 확인
[12심독01-01],2022_12심독01-01,2022,high,1-3학년,ENG,심화 영어 독해와 작문,독해,독해,다양한 분야의 기초 학문 주제에 관한 글을 읽고 주요 내용을 파악한다.,,,,,,,,,KICE STAS 학생평가지원포털 (stas.moe.go.kr),,,kice_verified,2026-07-04,STAS API 자동수집. 원천 대조(별책14) 필요. course=영어 | NCIC 성취수준 문서 코드·문구 실재 확인
[12심독01-02],2022_12심독01-02,2022,high,1-3학년,ENG,심화 영어 독해와 작문,독해,독해,이야기나 서사 및 운문을 읽고 필자나 등장인물의 심정이나 의도를 추론한다.,,,,,,,,,KICE STAS 학생평가지원포털 (stas.moe.go.kr),,,kice_verified,2026-07-04,STAS API 자동수집. 원천 대조(별책14) 필요. course=영어 | NCIC 성취수준 문서 코드·문구 실재 확인
[12심독01-03],2022_12심독01-03,2022,high,1-3학년,ENG,심화 영어 독해와 작문,독해,독해,글의 구성 방식을 고려하여 논리적 관계를 추론한다.,,,,,,,,,KICE STAS 학생평가지원포털 (stas.moe.go.kr),,,kice_verified,2026-07-04,STAS API 자동수집. 원천 대조(별책14) 필요. course=영어 | NCIC 성취수준 문서 코드·문구 실재 확인
[12심독01-04],2022_12심독01-04,2022,high,1-3학년,ENG,심화 영어 독해와 작문,독해,독해,글의 맥락과 배경지식을 활용하여 함축적 의미를 추론한다.,,,,,,,,,KICE STAS 학생평가지원포털 (stas.moe.go.kr),,,kice_verified,2026-07-04,STAS API 자동수집. 원천 대조(별책14) 필요. course=영어 | NCIC 성취수준 문서 코드·문구 실재 확인
[12심독01-05],2022_12심독01-05,2022,high,1-3학년,ENG,심화 영어 독해와 작문,독해,독해,다양한 문학 작품을 읽고 문학적 표현과 의미를 파악한다.,,,,,,,,,KICE STAS 학생평가지원포털 (stas.moe.go.kr),,,kice_verified,2026-07-04,STAS API 자동수집. 원천 대조(별책14) 필요. course=영어 | NCIC 성취수준 문서 코드·문구 실재 확인
[12심독01-06],2022_12심독01-06,2022,high,1-3학년,ENG,심화 영어 독해와 작문,독해,독해,다양한 유형의 글의 구조와 형식을 비교ㆍ분석한다.,,,,,,,,,KICE STAS 학생평가지원포털 (stas.moe.go.kr),,,kice_verified,2026-07-04,STAS API 자동수집. 원천 대조(별책14) 필요. course=영어 | NCIC 성취수준 문서 코드·문구 실재 확인
[12심독01-07],2022_12심독01-07,2022,high,1-3학년,ENG,심화 영어 독해와 작문,독해,독해,다양한 매체의 글의 내용 타당성을 평가하며 비판적으로 읽는다.,,,,,,,,,KICE STAS 학생평가지원포털 (stas.moe.go.kr),,,kice_verified,2026-07-04,STAS API 자동수집. 원천 대조(별책14) 필요. course=영어 | NCIC 성취수준 문서 코드·문구 실재 확인
[12심독01-08],2022_12심독01-08,2022,high,1-3학년,ENG,심화 영어 독해와 작문,독해,독해,"우리 문화 및 타 문화의 생활 양식, 사고방식, 의사소통 방식에 관한 글을 읽고 문화 간 차이에 대해 포용적인 태도를 갖춘다.",,,,,,,,,KICE STAS 학생평가지원포털 (stas.moe.go.kr),,,kice_verified,2026-07-04,STAS API 자동수집. 원천 대조(별책14) 필요. course=영어 | NCIC 성취수준 문서 코드·문구 실재 확인
[12심독01-09],2022_12심독01-09,2022,high,1-3학년,ENG,심화 영어 독해와 작문,독해,독해,적절한 읽기 전략을 적용하여 스스로 읽기 과정을 점검하며 읽는다.,,,,,,,,,KICE STAS 학생평가지원포털 (stas.moe.go.kr),,,kice_verified,2026-07-04,STAS API 자동수집. 원천 대조(별책14) 필요. course=영어 | NCIC 성취수준 문서 코드·문구 실재 확인
[12심독02-01],2022_12심독02-01,2022,high,1-3학년,ENG,심화 영어 독해와 작문,작문,작문,다양한 분야의 기초 학문 주제에 관하여 사실적 정보를 기술하거나 설명하는 글을 쓴다.,,,,,,,,,KICE STAS 학생평가지원포털 (stas.moe.go.kr),,,kice_verified,2026-07-04,STAS API 자동수집. 원천 대조(별책14) 필요. course=영어 | NCIC 성취수준 문서 코드·문구 실재 확인
[12심독02-02],2022_12심독02-02,2022,high,1-3학년,ENG,심화 영어 독해와 작문,작문,작문,이야기나 서사 및 운문에 대해 자신의 감상이나 느낌을 표현하는 글을 쓴다.,,,,,,,,,KICE STAS 학생평가지원포털 (stas.moe.go.kr),,,kice_verified,2026-07-04,STAS API 자동수집. 원천 대조(별책14) 필요. course=영어 | NCIC 성취수준 문서 코드·문구 실재 확인
[12심독02-03],2022_12심독02-03,2022,high,1-3학년,ENG,심화 영어 독해와 작문,작문,작문,다양한 주제에 관하여 상대방을 설득하는 글을 쓴다.,,,,,,,,,KICE STAS 학생평가지원포털 (stas.moe.go.kr),,,kice_verified,2026-07-04,STAS API 자동수집. 원천 대조(별책14) 필요. course=영어 | NCIC 성취수준 문서 코드·문구 실재 확인
[12심독02-04],2022_12심독02-04,2022,high,1-3학년,ENG,심화 영어 독해와 작문,작문,작문,다양한 기초 학문 분야의 주제에 관하여 듣거나 읽고 주요 정보를 요약한다.,,,,,,,,,KICE STAS 학생평가지원포털 (stas.moe.go.kr),,,kice_verified,2026-07-04,STAS API 자동수집. 원천 대조(별책14) 필요. course=영어 | NCIC 성취수준 문서 코드·문구 실재 확인
[12심독02-05],2022_12심독02-05,2022,high,1-3학년,ENG,심화 영어 독해와 작문,작문,작문,"우리 문화 및 타 문화의 생활 양식, 사고방식, 의사소통 방식에 관한 글을 읽고 문화 간 차이에 대해 비교ㆍ대조하는 글을 쓴다.",,,,,,,,,KICE STAS 학생평가지원포털 (stas.moe.go.kr),,,kice_verified,2026-07-04,STAS API 자동수집. 원천 대조(별책14) 필요. course=영어 | NCIC 성취수준 문서 코드·문구 실재 확인
[12심독02-06],2022_12심독02-06,2022,high,1-3학년,ENG,심화 영어 독해와 작문,작문,작문,다양한 매체 정보를 분석ㆍ종합ㆍ비평하여 재구성한다.,,,,,,,,,KICE STAS 학생평가지원포털 (stas.moe.go.kr),,,kice_verified,2026-07-04,STAS API 자동수집. 원천 대조(별책14) 필요. course=영어 | NCIC 성취수준 문서 코드·문구 실재 확인
[12심독02-07],2022_12심독02-07,2022,high,1-3학년,ENG,심화 영어 독해와 작문,작문,작문,사회적으로 이슈가 되는 주제에 관하여 정보 윤리를 준수하며 비판적이고 독창적인 글을 쓴다.,,,,,,,,,KICE STAS 학생평가지원포털 (stas.moe.go.kr),,,kice_verified,2026-07-04,STAS API 자동수집. 원천 대조(별책14) 필요. course=영어 | NCIC 성취수준 문서 코드·문구 실재 확인
[12심독02-08],2022_12심독02-08,2022,high,1-3학년,ENG,심화 영어 독해와 작문,작문,작문,다양한 분야의 주제에 관하여 적절한 쓰기 전략을 적용하여 글을 점검하고 고쳐 쓴다.,,,,,,,,,KICE STAS 학생평가지원포털 (stas.moe.go.kr),,,kice_verified,2026-07-04,STAS API 자동수집. 원천 대조(별책14) 필요. course=영어 | NCIC 성취수준 문서 코드·문구 실재 확인
[12심독Ⅰ03-01],2015_12심독Ⅰ03-01,2015,high,1-3학년,ENG,심화 영어 독해 I,읽기 ,읽기 영역,다양한 주제에 관한 긴 글을 읽고 필요한 세부 정보를 파악한다.,,,,,,,,,KICE STAS 학생평가지원포털 (stas.moe.go.kr),,,kice_verified,2026-07-04,STAS API 자동수집. 원천 대조(별책14) 필요. course=외국어 계열 | NCIC 성취수준 문서 코드·문구 실재 확인
[12심독Ⅰ03-02],2015_12심독Ⅰ03-02,2015,high,1-3학년,ENG,심화 영어 독해 I,읽기 ,읽기 영역,"상반된 주장이 포함된 다양한 분야의 글을 읽고 각각의 견해를 비교, 대조한다.",,,,,,,,,KICE STAS 학생평가지원포털 (stas.moe.go.kr),,,kice_verified,2026-07-04,STAS API 자동수집. 원천 대조(별책14) 필요. course=외국어 계열 | NCIC 성취수준 문서 코드·문구 실재 확인
[12심독Ⅰ03-03],2015_12심독Ⅰ03-03,2015,high,1-3학년,ENG,심화 영어 독해 I,읽기 ,읽기 영역,"다양한 주제에 관한 긴 글을 훑어 읽고 줄거리, 주제, 요지를 파악한다.",,,,,,,,,KICE STAS 학생평가지원포털 (stas.moe.go.kr),,,kice_verified,2026-07-04,STAS API 자동수집. 원천 대조(별책14) 필요. course=외국어 계열 | NCIC 성취수준 문서 코드·문구 실재 확인
[12심독Ⅰ03-04],2015_12심독Ⅰ03-04,2015,high,1-3학년,ENG,심화 영어 독해 I,읽기 ,읽기 영역,다양한 주제에 관한 긴 글을 읽고 중심 내용을 파악하여 요약한다.,,,,,,,,,KICE STAS 학생평가지원포털 (stas.moe.go.kr),,,kice_verified,2026-07-04,STAS API 자동수집. 원천 대조(별책14) 필요. course=외국어 계열 | NCIC 성취수준 문서 코드·문구 실재 확인
[12심독Ⅰ03-05],2015_12심독Ⅰ03-05,2015,high,1-3학년,ENG,심화 영어 독해 I,읽기 ,읽기 영역,다양한 주제에 관한 글을 읽고 비판적으로 이해한다.,,,,,,,,,KICE STAS 학생평가지원포털 (stas.moe.go.kr),,,kice_verified,2026-07-04,STAS API 자동수집. 원천 대조(별책14) 필요. course=외국어 계열 | NCIC 성취수준 문서 코드·문구 실재 확인
[12심독Ⅰ03-06],2015_12심독Ⅰ03-06,2015,high,1-3학년,ENG,심화 영어 독해 I,읽기 ,읽기 영역,문학 작품을 읽고 줄거리를 파악한다.,,,,,,,,,KICE STAS 학생평가지원포털 (stas.moe.go.kr),,,kice_verified,2026-07-04,STAS API 자동수집. 원천 대조(별책14) 필요. course=외국어 계열 | NCIC 성취수준 문서 코드·문구 실재 확인
[12심독Ⅰ03-07],2015_12심독Ⅰ03-07,2015,high,1-3학년,ENG,심화 영어 독해 I,읽기 ,읽기 영역,다양한 주제에 관한 글을 읽고 글의 논리적 구조를 파악한다.,,,,,,,,,KICE STAS 학생평가지원포털 (stas.moe.go.kr),,,kice_verified,2026-07-04,STAS API 자동수집. 원천 대조(별책14) 필요. course=외국어 계열 | NCIC 성취수준 문서 코드·문구 실재 확인
[12심독Ⅰ03-08],2015_12심독Ⅰ03-08,2015,high,1-3학년,ENG,심화 영어 독해 I,읽기 ,읽기 영역,비평이나 논설문을 읽고 글쓴이의 관점을 파악한다.,,,,,,,,,KICE STAS 학생평가지원포털 (stas.moe.go.kr),,,kice_verified,2026-07-04,STAS API 자동수집. 원천 대조(별책14) 필요. course=외국어 계열 | NCIC 성취수준 문서 코드·문구 실재 확인
[12심독Ⅰ03-09],2015_12심독Ⅰ03-09,2015,high,1-3학년,ENG,심화 영어 독해 I,읽기 ,읽기 영역,다양한 주제에 관한 긴 글을 읽고 함축적 의미를 파악한다.,,,,,,,,,KICE STAS 학생평가지원포털 (stas.moe.go.kr),,,kice_verified,2026-07-04,STAS API 자동수집. 원천 대조(별책14) 필요. course=외국어 계열 | NCIC 성취수준 문서 코드·문구 실재 확인
[12심독Ⅰ03-10],2015_12심독Ⅰ03-10,2015,high,1-3학년,ENG,심화 영어 독해 I,읽기 ,읽기 영역,문학 작품을 읽고 함축적 의미를 파악한다.,,,,,,,,,KICE STAS 학생평가지원포털 (stas.moe.go.kr),,,kice_verified,2026-07-04,STAS API 자동수집. 원천 대조(별책14) 필요. course=외국어 계열 | NCIC 성취수준 문서 코드·문구 실재 확인
[12심독Ⅱ03-01],2015_12심독Ⅱ03-01,2015,high,1-3학년,ENG,심화 영어 독해 II,읽기 ,읽기 영역,기초 학술 주제에 관한 글을 읽고 세부 정보를 파악한다.,,,,,,,,,KICE STAS 학생평가지원포털 (stas.moe.go.kr),,,kice_verified,2026-07-04,STAS API 자동수집. 원천 대조(별책14) 필요. course=외국어 계열 | NCIC 성취수준 문서 코드·문구 실재 확인
[12심독Ⅱ03-02],2015_12심독Ⅱ03-02,2015,high,1-3학년,ENG,심화 영어 독해 II,읽기 ,읽기 영역,다양한 장르의 글을 읽고 특성을 비교 대조한다.,,,,,,,,,KICE STAS 학생평가지원포털 (stas.moe.go.kr),,,kice_verified,2026-07-04,STAS API 자동수집. 원천 대조(별책14) 필요. course=외국어 계열 | NCIC 성취수준 문서 코드·문구 실재 확인
[12심독Ⅱ03-03],2015_12심독Ⅱ03-03,2015,high,1-3학년,ENG,심화 영어 독해 II,읽기 ,읽기 영역,기초 학술 주제에 관한 글을 읽고 주요 내용을 파악한다.,,,,,,,,,KICE STAS 학생평가지원포털 (stas.moe.go.kr),,,kice_verified,2026-07-04,STAS API 자동수집. 원천 대조(별책14) 필요. course=외국어 계열 | NCIC 성취수준 문서 코드·문구 실재 확인
[12심독Ⅱ03-04],2015_12심독Ⅱ03-04,2015,high,1-3학년,ENG,심화 영어 독해 II,읽기 ,읽기 영역,기초 학술 주제에 관한 글을 읽고 주요 내용을 요약한다.,,,,,,,,,KICE STAS 학생평가지원포털 (stas.moe.go.kr),,,kice_verified,2026-07-04,STAS API 자동수집. 원천 대조(별책14) 필요. course=외국어 계열 | NCIC 성취수준 문서 코드·문구 실재 확인
[12심독Ⅱ03-05],2015_12심독Ⅱ03-05,2015,high,1-3학년,ENG,심화 영어 독해 II,읽기 ,읽기 영역,글쓴이의 비유적 언어 사용을 이해하고 평가한다.,,,,,,,,,KICE STAS 학생평가지원포털 (stas.moe.go.kr),,,kice_verified,2026-07-04,STAS API 자동수집. 원천 대조(별책14) 필요. course=외국어 계열 | NCIC 성취수준 문서 코드·문구 실재 확인
[12심독Ⅱ03-06],2015_12심독Ⅱ03-06,2015,high,1-3학년,ENG,심화 영어 독해 II,읽기 ,읽기 영역,문학 작품을 읽고 비판적으로 이해한다.,,,,,,,,,KICE STAS 학생평가지원포털 (stas.moe.go.kr),,,kice_verified,2026-07-04,STAS API 자동수집. 원천 대조(별책14) 필요. course=외국어 계열 | NCIC 성취수준 문서 코드·문구 실재 확인
[12심독Ⅱ03-07],2015_12심독Ⅱ03-07,2015,high,1-3학년,ENG,심화 영어 독해 II,읽기 ,읽기 영역,다양한 주제에 관한 글을 읽고 글의 논리적 구조를 파악한다.,,,,,,,,,KICE STAS 학생평가지원포털 (stas.moe.go.kr),,,kice_verified,2026-07-04,STAS API 자동수집. 원천 대조(별책14) 필요. course=외국어 계열 | NCIC 성취수준 문서 코드·문구 실재 확인
[12심독Ⅱ03-08],2015_12심독Ⅱ03-08,2015,high,1-3학년,ENG,심화 영어 독해 II,읽기 ,읽기 영역,다양한 주제에 관한 긴 글을 읽고 함축적 의미를 파악한다.,,,,,,,,,KICE STAS 학생평가지원포털 (stas.moe.go.kr),,,kice_verified,2026-07-04,STAS API 자동수집. 원천 대조(별책14) 필요. course=외국어 계열 | NCIC 성취수준 문서 코드·문구 실재 확인
[12심독Ⅱ03-09],2015_12심독Ⅱ03-09,2015,high,1-3학년,ENG,심화 영어 독해 II,읽기 ,읽기 영역,"문학 작품을 읽고 표현, 이미지, 상징, 등의 함축적 의미를 파악한다.",,,,,,,,,KICE STAS 학생평가지원포털 (stas.moe.go.kr),,,kice_verified,2026-07-04,STAS API 자동수집. 원천 대조(별책14) 필요. course=외국어 계열 | NCIC 성취수준 문서 코드·문구 실재 확인
[12심독Ⅱ03-10],2015_12심독Ⅱ03-10,2015,high,1-3학년,ENG,심화 영어 독해 II,읽기 ,읽기 영역,비평이나 논설문을 읽고 글쓴이의 가치관을 이해한다.,,,,,,,,,KICE STAS 학생평가지원포털 (stas.moe.go.kr),,,kice_verified,2026-07-04,STAS API 자동수집. 원천 대조(별책14) 필요. course=외국어 계열 | NCIC 성취수준 문서 코드·문구 실재 확인
[12심영01-01],2022_12심영01-01,2022,high,1-3학년,ENG,심화 영어,UND,이해,다양한 주제나 기초 학문 분야 주제의 말이나 글의 주요 내용을 파악한다.,,,,,,,,,KICE STAS 학생평가지원포털 (stas.moe.go.kr),,,kice_verified,2026-07-04,STAS API 자동수집. 원천 대조(별책14) 필요. course=영어 | NCIC 성취수준 문서 코드·문구 실재 확인
[12심영01-02],2022_12심영01-02,2022,high,1-3학년,ENG,심화 영어,UND,이해,"다양한 장르의 말이나 글에서 화자, 필자, 등장인물 등의 심정이나 의도를 추론한다.",,,,,,,,,KICE STAS 학생평가지원포털 (stas.moe.go.kr),,,kice_verified,2026-07-04,STAS API 자동수집. 원천 대조(별책14) 필요. course=영어 | NCIC 성취수준 문서 코드·문구 실재 확인
[12심영01-03],2022_12심영01-03,2022,high,1-3학년,ENG,심화 영어,UND,이해,다양한 장르의 말이나 글을 듣거나 읽고 이어질 내용을 예측한다.,,,,,,,,,KICE STAS 학생평가지원포털 (stas.moe.go.kr),,,kice_verified,2026-07-04,STAS API 자동수집. 원천 대조(별책14) 필요. course=영어 | NCIC 성취수준 문서 코드·문구 실재 확인
[12심영01-04],2022_12심영01-04,2022,high,1-3학년,ENG,심화 영어,UND,이해,말이나 글의 구성 방식을 파악하여 내용의 논리적 관계를 추론한다.,,,,,,,,,KICE STAS 학생평가지원포털 (stas.moe.go.kr),,,kice_verified,2026-07-04,STAS API 자동수집. 원천 대조(별책14) 필요. course=영어 | NCIC 성취수준 문서 코드·문구 실재 확인
[12심영01-05],2022_12심영01-05,2022,high,1-3학년,ENG,심화 영어,UND,이해,"말이나 글로 표현된 어휘, 어구, 문장의 함축적 의미를 맥락에 맞게 추론한다.",,,,,,,,,KICE STAS 학생평가지원포털 (stas.moe.go.kr),,,kice_verified,2026-07-04,STAS API 자동수집. 원천 대조(별책14) 필요. course=영어 | NCIC 성취수준 문서 코드·문구 실재 확인
[12심영01-06],2022_12심영01-06,2022,high,1-3학년,ENG,심화 영어,UND,이해,다양한 매체의 말이나 글에 표현된 의견이나 주장을 비판적으로 평가한다.,,,,,,,,,KICE STAS 학생평가지원포털 (stas.moe.go.kr),,,kice_verified,2026-07-04,STAS API 자동수집. 원천 대조(별책14) 필요. course=영어 | NCIC 성취수준 문서 코드·문구 실재 확인
[12심영01-07],2022_12심영01-07,2022,high,1-3학년,ENG,심화 영어,UND,이해,"우리 문화 및 타 문화의 생활 양식, 사고방식, 의사소통 방식에 관한 말이나 글을 듣거나 읽고 문화의 다양성에 대한 포용적인 태도를 기른다.",,,,,,,,,KICE STAS 학생평가지원포털 (stas.moe.go.kr),,,kice_verified,2026-07-04,STAS API 자동수집. 원천 대조(별책14) 필요. course=영어 | NCIC 성취수준 문서 코드·문구 실재 확인
[12심영01-08],2022_12심영01-08,2022,high,1-3학년,ENG,심화 영어,UND,이해,적절한 전략을 적용하여 다양한 매체로 표현된 말이나 글을 이해한다.,,,,,,,,,KICE STAS 학생평가지원포털 (stas.moe.go.kr),,,kice_verified,2026-07-04,STAS API 자동수집. 원천 대조(별책14) 필요. course=영어 | NCIC 성취수준 문서 코드·문구 실재 확인
[12심영02-01],2022_12심영02-01,2022,high,1-3학년,ENG,심화 영어,EXP,표현,사실적 정보를 기술하거나 설명한다.,,,,,,,,,KICE STAS 학생평가지원포털 (stas.moe.go.kr),,,kice_verified,2026-07-04,STAS API 자동수집. 원천 대조(별책14) 필요. course=영어 | NCIC 성취수준 문서 코드·문구 실재 확인
[12심영02-02],2022_12심영02-02,2022,high,1-3학년,ENG,심화 영어,EXP,표현,다양한 장르의 글을 읽고 자신의 감상이나 느낌을 표현한다.,,,,,,,,,KICE STAS 학생평가지원포털 (stas.moe.go.kr),,,kice_verified,2026-07-04,STAS API 자동수집. 원천 대조(별책14) 필요. course=영어 | NCIC 성취수준 문서 코드·문구 실재 확인
[12심영02-03],2022_12심영02-03,2022,high,1-3학년,ENG,심화 영어,EXP,표현,상대방의 의사소통 방식을 고려하여 의견을 조정하며 토의한다.,,,,,,,,,KICE STAS 학생평가지원포털 (stas.moe.go.kr),,,kice_verified,2026-07-04,STAS API 자동수집. 원천 대조(별책14) 필요. course=영어 | NCIC 성취수준 문서 코드·문구 실재 확인
[12심영02-04],2022_12심영02-04,2022,high,1-3학년,ENG,심화 영어,EXP,표현,듣거나 읽은 내용을 자신의 말이나 글로 요약한다.,,,,,,,,,KICE STAS 학생평가지원포털 (stas.moe.go.kr),,,kice_verified,2026-07-04,STAS API 자동수집. 원천 대조(별책14) 필요. course=영어 | NCIC 성취수준 문서 코드·문구 실재 확인
[12심영02-05],2022_12심영02-05,2022,high,1-3학년,ENG,심화 영어,EXP,표현,말이나 글의 내용을 비교ㆍ대조한다.,,,,,,,,,KICE STAS 학생평가지원포털 (stas.moe.go.kr),,,kice_verified,2026-07-04,STAS API 자동수집. 원천 대조(별책14) 필요. course=영어 | NCIC 성취수준 문서 코드·문구 실재 확인
[12심영02-06],2022_12심영02-06,2022,high,1-3학년,ENG,심화 영어,EXP,표현,다양한 매체의 정보를 재구성하여 발표한다.,,,,,,,,,KICE STAS 학생평가지원포털 (stas.moe.go.kr),,,kice_verified,2026-07-04,STAS API 자동수집. 원천 대조(별책14) 필요. course=영어 | NCIC 성취수준 문서 코드·문구 실재 확인
[12심영02-07],2022_12심영02-07,2022,high,1-3학년,ENG,심화 영어,EXP,표현,글의 내용과 형식을 점검하여 정보 윤리에 맞게 고쳐 쓴다.,,,,,,,,,KICE STAS 학생평가지원포털 (stas.moe.go.kr),,,kice_verified,2026-07-04,STAS API 자동수집. 원천 대조(별책14) 필요. course=영어 | NCIC 성취수준 문서 코드·문구 실재 확인
[12심영02-08],2022_12심영02-08,2022,high,1-3학년,ENG,심화 영어,EXP,표현,적절한 전략을 적용하여 다양한 언어ㆍ문화적 배경을 가진 영어 사용자와 공감하며 소통하는 태도를 가진다.,,,,,,,,,KICE STAS 학생평가지원포털 (stas.moe.go.kr),,,kice_verified,2026-07-04,STAS API 자동수집. 원천 대조(별책14) 필요. course=영어 | NCIC 성취수준 문서 코드·문구 실재 확인
[12심영Ⅰ01-01],2015_12심영Ⅰ01-01,2015,high,1-3학년,ENG,심화영어 I,듣기 ,듣기 영역,"친숙한 일반적인 주제의 뉴스, 강연, 연설, 토론을 듣고 세부 정보를 파악한다.",,,,,,,,,KICE STAS 학생평가지원포털 (stas.moe.go.kr),,,kice_verified,2026-07-04,STAS API 자동수집. 원천 대조(별책14) 필요. course=외국어 계열 | NCIC 성취수준 문서 코드·문구 실재 확인
[12심영Ⅰ01-02],2015_12심영Ⅰ01-02,2015,high,1-3학년,ENG,심화영어 I,듣기 ,듣기 영역,다양한 일반적 주제에 관한 말이나 대화를 듣고 정보를 비교·대조한다.,,,,,,,,,KICE STAS 학생평가지원포털 (stas.moe.go.kr),,,kice_verified,2026-07-04,STAS API 자동수집. 원천 대조(별책14) 필요. course=외국어 계열 | NCIC 성취수준 문서 코드·문구 실재 확인
[12심영Ⅰ01-03],2015_12심영Ⅰ01-03,2015,high,1-3학년,ENG,심화영어 I,듣기 ,듣기 영역,다양한 일반적 주제에 관한 말이나 대화를 듣고 사실과 의견을 구별한다.,,,,,,,,,KICE STAS 학생평가지원포털 (stas.moe.go.kr),,,kice_verified,2026-07-04,STAS API 자동수집. 원천 대조(별책14) 필요. course=외국어 계열 | NCIC 성취수준 문서 코드·문구 실재 확인
[12심영Ⅰ01-04],2015_12심영Ⅰ01-04,2015,high,1-3학년,ENG,심화영어 I,듣기 ,듣기 영역,"친숙한 일반적인 주제의 뉴스, 강연, 연설, 토론을 듣고 주요 내용을 파악한다.",,,,,,,,,KICE STAS 학생평가지원포털 (stas.moe.go.kr),,,kice_verified,2026-07-04,STAS API 자동수집. 원천 대조(별책14) 필요. course=외국어 계열 | NCIC 성취수준 문서 코드·문구 실재 확인
[12심영Ⅰ01-05],2015_12심영Ⅰ01-05,2015,high,1-3학년,ENG,심화영어 I,듣기 ,듣기 영역,다양한 일반적 주제에 관한 말이나 대화를 듣고 주제나 요지를 파악한다.,,,,,,,,,KICE STAS 학생평가지원포털 (stas.moe.go.kr),,,kice_verified,2026-07-04,STAS API 자동수집. 원천 대조(별책14) 필요. course=외국어 계열 | NCIC 성취수준 문서 코드·문구 실재 확인
[12심영Ⅰ01-06],2015_12심영Ⅰ01-06,2015,high,1-3학년,ENG,심화영어 I,듣기 ,듣기 영역,다양한 일반적 주제에 관한 말이나 대화를 듣고 전후 내용을 추론한다.,,,,,,,,,KICE STAS 학생평가지원포털 (stas.moe.go.kr),,,kice_verified,2026-07-04,STAS API 자동수집. 원천 대조(별책14) 필요. course=외국어 계열 | NCIC 성취수준 문서 코드·문구 실재 확인
[12심영Ⅰ01-07],2015_12심영Ⅰ01-07,2015,high,1-3학년,ENG,심화영어 I,듣기 ,듣기 영역,다양한 일반적 주제에 관한 말이나 대화를 듣고 화자의 심정이나 태도를 파악한다.,,,,,,,,,KICE STAS 학생평가지원포털 (stas.moe.go.kr),,,kice_verified,2026-07-04,STAS API 자동수집. 원천 대조(별책14) 필요. course=외국어 계열 | NCIC 성취수준 문서 코드·문구 실재 확인
[12심영Ⅰ01-08],2015_12심영Ⅰ01-08,2015,high,1-3학년,ENG,심화영어 I,듣기 ,듣기 영역,다양한 일반적 주제에 관한 말이나 대화를 듣고 화자의 의도 및 목적을 파악한다.,,,,,,,,,KICE STAS 학생평가지원포털 (stas.moe.go.kr),,,kice_verified,2026-07-04,STAS API 자동수집. 원천 대조(별책14) 필요. course=외국어 계열 | NCIC 성취수준 문서 코드·문구 실재 확인
[12심영Ⅰ01-09],2015_12심영Ⅰ01-09,2015,high,1-3학년,ENG,심화영어 I,듣기 ,듣기 영역,다양한 일반적 주제에 관한 말이나 대화를 듣고 언급되지 않은 내용을 추론한다.,,,,,,,,,KICE STAS 학생평가지원포털 (stas.moe.go.kr),,,kice_verified,2026-07-04,STAS API 자동수집. 원천 대조(별책14) 필요. course=외국어 계열 | NCIC 성취수준 문서 코드·문구 실재 확인
[12심영Ⅰ02-01],2015_12심영Ⅰ02-01,2015,high,1-3학년,ENG,심화영어 I,말하기,말하기 영역,일반적 주제에 관한 글을 읽고 상황과 목적에 알맞게 말한다.,,,,,,,,,KICE STAS 학생평가지원포털 (stas.moe.go.kr),,,kice_verified,2026-07-04,STAS API 자동수집. 원천 대조(별책14) 필요. course=외국어 계열 | NCIC 성취수준 문서 코드·문구 실재 확인
[12심영Ⅰ02-02],2015_12심영Ⅰ02-02,2015,high,1-3학년,ENG,심화영어 I,말하기,말하기 영역,"일반적 주제에 관한 글을 읽고, 근거를 토대로 생각이나 의견을 말한다.",,,,,,,,,KICE STAS 학생평가지원포털 (stas.moe.go.kr),,,kice_verified,2026-07-04,STAS API 자동수집. 원천 대조(별책14) 필요. course=외국어 계열 | NCIC 성취수준 문서 코드·문구 실재 확인
[12심영Ⅰ02-03],2015_12심영Ⅰ02-03,2015,high,1-3학년,ENG,심화영어 I,말하기,말하기 영역,일반적 주제에 관한 글을 읽고 자신의 말로 바꾸어 말한다.,,,,,,,,,KICE STAS 학생평가지원포털 (stas.moe.go.kr),,,kice_verified,2026-07-04,STAS API 자동수집. 원천 대조(별책14) 필요. course=외국어 계열 | NCIC 성취수준 문서 코드·문구 실재 확인
[12심영Ⅰ02-04],2015_12심영Ⅰ02-04,2015,high,1-3학년,ENG,심화영어 I,말하기,말하기 영역,일반적 주제에 관한 글을 읽고 요약하여 말한다.,,,,,,,,,KICE STAS 학생평가지원포털 (stas.moe.go.kr),,,kice_verified,2026-07-04,STAS API 자동수집. 원천 대조(별책14) 필요. course=외국어 계열 | NCIC 성취수준 문서 코드·문구 실재 확인
[12심영Ⅰ02-05],2015_12심영Ⅰ02-05,2015,high,1-3학년,ENG,심화영어 I,말하기,말하기 영역,일반적 주제에 관한 준비된 보고나 발표를 한다.,,,,,,,,,KICE STAS 학생평가지원포털 (stas.moe.go.kr),,,kice_verified,2026-07-04,STAS API 자동수집. 원천 대조(별책14) 필요. course=외국어 계열 | NCIC 성취수준 문서 코드·문구 실재 확인
[12심영Ⅰ02-06],2015_12심영Ⅰ02-06,2015,high,1-3학년,ENG,심화영어 I,말하기,말하기 영역,친숙한 일반적인 주제에 관한 토론을 듣고 주요 쟁점에 대하여 말한다.,,,,,,,,,KICE STAS 학생평가지원포털 (stas.moe.go.kr),,,kice_verified,2026-07-04,STAS API 자동수집. 원천 대조(별책14) 필요. course=외국어 계열 | NCIC 성취수준 문서 코드·문구 실재 확인
[12심영Ⅰ02-07],2015_12심영Ⅰ02-07,2015,high,1-3학년,ENG,심화영어 I,말하기,말하기 영역,외국인에게 우리 문화를 적절하게 설명한다.,,,,,,,,,KICE STAS 학생평가지원포털 (stas.moe.go.kr),,,kice_verified,2026-07-04,STAS API 자동수집. 원천 대조(별책14) 필요. course=외국어 계열 | NCIC 성취수준 문서 코드·문구 실재 확인
[12심영Ⅰ02-08],2015_12심영Ⅰ02-08,2015,high,1-3학년,ENG,심화영어 I,말하기,말하기 영역,다양한 상황에서 적절하게 대화한다.,,,,,,,,,KICE STAS 학생평가지원포털 (stas.moe.go.kr),,,kice_verified,2026-07-04,STAS API 자동수집. 원천 대조(별책14) 필요. course=외국어 계열 | NCIC 성취수준 문서 코드·문구 실재 확인
[12심영Ⅰ02-09],2015_12심영Ⅰ02-09,2015,high,1-3학년,ENG,심화영어 I,말하기,말하기 영역,일반적 주제에 관한 토론에 참여하여 합리적 근거로 자신의 주장을 말한다.,,,,,,,,,KICE STAS 학생평가지원포털 (stas.moe.go.kr),,,kice_verified,2026-07-04,STAS API 자동수집. 원천 대조(별책14) 필요. course=외국어 계열 | NCIC 성취수준 문서 코드·문구 실재 확인
[12심영Ⅰ03-01],2015_12심영Ⅰ03-01,2015,high,1-3학년,ENG,심화영어 I,읽기 ,읽기 영역,다양한 일반적 주제에 관한 글을 속독하여 세부 정보를 찾는다.,,,,,,,,,KICE STAS 학생평가지원포털 (stas.moe.go.kr),,,kice_verified,2026-07-04,STAS API 자동수집. 원천 대조(별책14) 필요. course=외국어 계열 | NCIC 성취수준 문서 코드·문구 실재 확인
[12심영Ⅰ03-02],2015_12심영Ⅰ03-02,2015,high,1-3학년,ENG,심화영어 I,읽기 ,읽기 영역,"다양한 주제에 관한 그림, 도표 등을 읽고 필요한 정보를 찾는다.",,,,,,,,,KICE STAS 학생평가지원포털 (stas.moe.go.kr),,,kice_verified,2026-07-04,STAS API 자동수집. 원천 대조(별책14) 필요. course=외국어 계열 | NCIC 성취수준 문서 코드·문구 실재 확인
[12심영Ⅰ03-03],2015_12심영Ⅰ03-03,2015,high,1-3학년,ENG,심화영어 I,읽기 ,읽기 영역,다양한 일반적 주제에 관한 글을 읽고 글쓴이의 견해와 사실을 구분한다.,,,,,,,,,KICE STAS 학생평가지원포털 (stas.moe.go.kr),,,kice_verified,2026-07-04,STAS API 자동수집. 원천 대조(별책14) 필요. course=외국어 계열 | NCIC 성취수준 문서 코드·문구 실재 확인
[12심영Ⅰ03-04],2015_12심영Ⅰ03-04,2015,high,1-3학년,ENG,심화영어 I,읽기 ,읽기 영역,"다양한 일반적 주제에 관한 글을 훑어 읽고 줄거리, 요지를 파악한다.",,,,,,,,,KICE STAS 학생평가지원포털 (stas.moe.go.kr),,,kice_verified,2026-07-04,STAS API 자동수집. 원천 대조(별책14) 필요. course=외국어 계열 | NCIC 성취수준 문서 코드·문구 실재 확인
[12심영Ⅰ03-05],2015_12심영Ⅰ03-05,2015,high,1-3학년,ENG,심화영어 I,읽기 ,읽기 영역,다양한 일반적 주제에 관한 글을 읽고 주요 내용을 요약한다.,,,,,,,,,KICE STAS 학생평가지원포털 (stas.moe.go.kr),,,kice_verified,2026-07-04,STAS API 자동수집. 원천 대조(별책14) 필요. course=외국어 계열 | NCIC 성취수준 문서 코드·문구 실재 확인
[12심영Ⅰ03-06],2015_12심영Ⅰ03-06,2015,high,1-3학년,ENG,심화영어 I,읽기 ,읽기 영역,쉬운 문학 작품을 읽고 줄거리를 파악한다.,,,,,,,,,KICE STAS 학생평가지원포털 (stas.moe.go.kr),,,kice_verified,2026-07-04,STAS API 자동수집. 원천 대조(별책14) 필요. course=외국어 계열 | NCIC 성취수준 문서 코드·문구 실재 확인
[12심영Ⅰ03-07],2015_12심영Ⅰ03-07,2015,high,1-3학년,ENG,심화영어 I,읽기 ,읽기 영역,다양한 일반적 주제에 관한 글을 읽고 글의 논리적 구조를 파악한다.,,,,,,,,,KICE STAS 학생평가지원포털 (stas.moe.go.kr),,,kice_verified,2026-07-04,STAS API 자동수집. 원천 대조(별책14) 필요. course=외국어 계열 | NCIC 성취수준 문서 코드·문구 실재 확인
[12심영Ⅰ03-08],2015_12심영Ⅰ03-08,2015,high,1-3학년,ENG,심화영어 I,읽기 ,읽기 영역,다양한 일반적 주제에 관한 글을 읽고 문맥을 바탕으로 익숙하지 않은 표현의 의미를 추측한다.,,,,,,,,,KICE STAS 학생평가지원포털 (stas.moe.go.kr),,,kice_verified,2026-07-04,STAS API 자동수집. 원천 대조(별책14) 필요. course=외국어 계열 | NCIC 성취수준 문서 코드·문구 실재 확인
[12심영Ⅰ03-09],2015_12심영Ⅰ03-09,2015,high,1-3학년,ENG,심화영어 I,읽기 ,읽기 영역,다양한 일반적 주제에 관한 글을 읽고 함축적 의미를 파악한다.,,,,,,,,,KICE STAS 학생평가지원포털 (stas.moe.go.kr),,,kice_verified,2026-07-04,STAS API 자동수집. 원천 대조(별책14) 필요. course=외국어 계열 | NCIC 성취수준 문서 코드·문구 실재 확인
[12심영Ⅰ03-10],2015_12심영Ⅰ03-10,2015,high,1-3학년,ENG,심화영어 I,읽기 ,읽기 영역,다양한 일반적 주제에 관한 글을 읽고 글쓴이의 의도를 파악한다.,,,,,,,,,KICE STAS 학생평가지원포털 (stas.moe.go.kr),,,kice_verified,2026-07-04,STAS API 자동수집. 원천 대조(별책14) 필요. course=외국어 계열 | NCIC 성취수준 문서 코드·문구 실재 확인
[12심영Ⅰ04-01],2015_12심영Ⅰ04-01,2015,high,1-3학년,ENG,심화영어 I,쓰기 ,쓰기 영역,친숙한 일반적 주제에 관한 강의나 강연을 듣고 필요한 정보를 기록한다.,,,,,,,,,KICE STAS 학생평가지원포털 (stas.moe.go.kr),,,kice_verified,2026-07-04,STAS API 자동수집. 원천 대조(별책14) 필요. course=외국어 계열 | NCIC 성취수준 문서 코드·문구 실재 확인
[12심영Ⅰ04-02],2015_12심영Ⅰ04-02,2015,high,1-3학년,ENG,심화영어 I,쓰기 ,쓰기 영역,다양한 장르의 글을 읽고 요약하여 쓴다.,,,,,,,,,KICE STAS 학생평가지원포털 (stas.moe.go.kr),,,kice_verified,2026-07-04,STAS API 자동수집. 원천 대조(별책14) 필요. course=외국어 계열 | NCIC 성취수준 문서 코드·문구 실재 확인
[12심영Ⅰ04-03],2015_12심영Ⅰ04-03,2015,high,1-3학년,ENG,심화영어 I,쓰기 ,쓰기 영역,"실용 편지, 이력서, 지원서, 짧은 보고서 등을 작성한다.",,,,,,,,,KICE STAS 학생평가지원포털 (stas.moe.go.kr),,,kice_verified,2026-07-04,STAS API 자동수집. 원천 대조(별책14) 필요. course=외국어 계열 | NCIC 성취수준 문서 코드·문구 실재 확인
[12심영Ⅰ04-04],2015_12심영Ⅰ04-04,2015,high,1-3학년,ENG,심화영어 I,쓰기 ,쓰기 영역,일반적 주제에 관해 에세이를 쓴다.,,,,,,,,,KICE STAS 학생평가지원포털 (stas.moe.go.kr),,,kice_verified,2026-07-04,STAS API 자동수집. 원천 대조(별책14) 필요. course=외국어 계열 | NCIC 성취수준 문서 코드·문구 실재 확인
[12심영Ⅱ01-01],2015_12심영Ⅱ01-01,2015,high,1-3학년,ENG,심화영어 II,듣기 ,듣기 영역,"일반적인 주제의 뉴스, 강연, 연설, 토론을 듣고 세부 정보를 파악한다.",,,,,,,,,KICE STAS 학생평가지원포털 (stas.moe.go.kr),,,kice_verified,2026-07-04,STAS API 자동수집. 원천 대조(별책14) 필요. course=외국어 계열 | NCIC 성취수준 문서 코드·문구 실재 확인
[12심영Ⅱ01-02],2015_12심영Ⅱ01-02,2015,high,1-3학년,ENG,심화영어 II,듣기 ,듣기 영역,다양한 주제에 관한 긴 말이나 대화를 듣고 정보를 비교·대조한다.,,,,,,,,,KICE STAS 학생평가지원포털 (stas.moe.go.kr),,,kice_verified,2026-07-04,STAS API 자동수집. 원천 대조(별책14) 필요. course=외국어 계열 | NCIC 성취수준 문서 코드·문구 실재 확인
[12심영Ⅱ01-03],2015_12심영Ⅱ01-03,2015,high,1-3학년,ENG,심화영어 II,듣기 ,듣기 영역,다양한 주제에 관한 긴 말이나 대화를 듣고 사실과 의견을 구별한다.,,,,,,,,,KICE STAS 학생평가지원포털 (stas.moe.go.kr),,,kice_verified,2026-07-04,STAS API 자동수집. 원천 대조(별책14) 필요. course=외국어 계열 | NCIC 성취수준 문서 코드·문구 실재 확인
[12심영Ⅱ01-04],2015_12심영Ⅱ01-04,2015,high,1-3학년,ENG,심화영어 II,듣기 ,듣기 영역,"일반적인 주제의 뉴스, 강연, 연설, 토론을 듣고 줄거리를 파악한다.",,,,,,,,,KICE STAS 학생평가지원포털 (stas.moe.go.kr),,,kice_verified,2026-07-04,STAS API 자동수집. 원천 대조(별책14) 필요. course=외국어 계열 | NCIC 성취수준 문서 코드·문구 실재 확인
[12심영Ⅱ01-05],2015_12심영Ⅱ01-05,2015,high,1-3학년,ENG,심화영어 II,듣기 ,듣기 영역,다양한 주제에 관한 긴 말이나 대화를 듣고 주제나 요지를 파악한다.,,,,,,,,,KICE STAS 학생평가지원포털 (stas.moe.go.kr),,,kice_verified,2026-07-04,STAS API 자동수집. 원천 대조(별책14) 필요. course=외국어 계열 | NCIC 성취수준 문서 코드·문구 실재 확인
[12심영Ⅱ01-06],2015_12심영Ⅱ01-06,2015,high,1-3학년,ENG,심화영어 II,듣기 ,듣기 영역,다양한 주제에 관한 긴 말이나 대화를 듣고 전후 내용을 추론한다.,,,,,,,,,KICE STAS 학생평가지원포털 (stas.moe.go.kr),,,kice_verified,2026-07-04,STAS API 자동수집. 원천 대조(별책14) 필요. course=외국어 계열 | NCIC 성취수준 문서 코드·문구 실재 확인
[12심영Ⅱ01-07],2015_12심영Ⅱ01-07,2015,high,1-3학년,ENG,심화영어 II,듣기 ,듣기 영역,다양한 주제에 관한 긴 말이나 대화를 듣고 화자의 심정이나 태도를 파악한다.,,,,,,,,,KICE STAS 학생평가지원포털 (stas.moe.go.kr),,,kice_verified,2026-07-04,STAS API 자동수집. 원천 대조(별책14) 필요. course=외국어 계열 | NCIC 성취수준 문서 코드·문구 실재 확인
[12심영Ⅱ01-08],2015_12심영Ⅱ01-08,2015,high,1-3학년,ENG,심화영어 II,듣기 ,듣기 영역,다양한 주제에 관한 긴 말이나 대화를 듣고 화자의 의도 및 목적을 파악한다.,,,,,,,,,KICE STAS 학생평가지원포털 (stas.moe.go.kr),,,kice_verified,2026-07-04,STAS API 자동수집. 원천 대조(별책14) 필요. course=외국어 계열 | NCIC 성취수준 문서 코드·문구 실재 확인
[12심영Ⅱ01-09],2015_12심영Ⅱ01-09,2015,high,1-3학년,ENG,심화영어 II,듣기 ,듣기 영역,다양한 주제에 관한 긴 말이나 대화를 듣고 언급되지 않은 내용을 추론한다.,,,,,,,,,KICE STAS 학생평가지원포털 (stas.moe.go.kr),,,kice_verified,2026-07-04,STAS API 자동수집. 원천 대조(별책14) 필요. course=외국어 계열 | NCIC 성취수준 문서 코드·문구 실재 확인
[12심영Ⅱ02-01],2015_12심영Ⅱ02-01,2015,high,1-3학년,ENG,심화영어 II,말하기,말하기 영역,다양한 일상생활의 상황과 목적에 알맞게 말한다.,,,,,,,,,KICE STAS 학생평가지원포털 (stas.moe.go.kr),,,kice_verified,2026-07-04,STAS API 자동수집. 원천 대조(별책14) 필요. course=외국어 계열 | NCIC 성취수준 문서 코드·문구 실재 확인
[12심영Ⅱ02-02],2015_12심영Ⅱ02-02,2015,high,1-3학년,ENG,심화영어 II,말하기,말하기 영역,다양한 일반적 주제에 관한 준비된 보고나 발표를 한다.,,,,,,,,,KICE STAS 학생평가지원포털 (stas.moe.go.kr),,,kice_verified,2026-07-04,STAS API 자동수집. 원천 대조(별책14) 필요. course=외국어 계열 | NCIC 성취수준 문서 코드·문구 실재 확인
[12심영Ⅱ02-03],2015_12심영Ⅱ02-03,2015,high,1-3학년,ENG,심화영어 II,말하기,말하기 영역,친숙한 일반적 주제에 관한 토론을 듣고 상반된 의견을 비교·대조하여 설명한다.,,,,,,,,,KICE STAS 학생평가지원포털 (stas.moe.go.kr),,,kice_verified,2026-07-04,STAS API 자동수집. 원천 대조(별책14) 필요. course=외국어 계열 | NCIC 성취수준 문서 코드·문구 실재 확인
[12심영Ⅱ02-04],2015_12심영Ⅱ02-04,2015,high,1-3학년,ENG,심화영어 II,말하기,말하기 영역,일반적인 주제에 관한 말이나 글을 읽고 생각이나 의견을 합리적 근거를 토대로 말한다.,,,,,,,,,KICE STAS 학생평가지원포털 (stas.moe.go.kr),,,kice_verified,2026-07-04,STAS API 자동수집. 원천 대조(별책14) 필요. course=외국어 계열 | NCIC 성취수준 문서 코드·문구 실재 확인
[12심영Ⅱ02-05],2015_12심영Ⅱ02-05,2015,high,1-3학년,ENG,심화영어 II,말하기,말하기 영역,다양한 일반적 주제에 관한 글을 읽고 자신의 말로 바꾸어 말한다.,,,,,,,,,KICE STAS 학생평가지원포털 (stas.moe.go.kr),,,kice_verified,2026-07-04,STAS API 자동수집. 원천 대조(별책14) 필요. course=외국어 계열 | NCIC 성취수준 문서 코드·문구 실재 확인
[12심영Ⅱ02-06],2015_12심영Ⅱ02-06,2015,high,1-3학년,ENG,심화영어 II,말하기,말하기 영역,다양한 일반적 주제에 관한 글을 읽고 요약하여 말한다.,,,,,,,,,KICE STAS 학생평가지원포털 (stas.moe.go.kr),,,kice_verified,2026-07-04,STAS API 자동수집. 원천 대조(별책14) 필요. course=외국어 계열 | NCIC 성취수준 문서 코드·문구 실재 확인
[12심영Ⅱ02-07],2015_12심영Ⅱ02-07,2015,high,1-3학년,ENG,심화영어 II,말하기,말하기 영역,문화 간 유사점과 차이점을 적절하게 설명한다.,,,,,,,,,KICE STAS 학생평가지원포털 (stas.moe.go.kr),,,kice_verified,2026-07-04,STAS API 자동수집. 원천 대조(별책14) 필요. course=외국어 계열 | NCIC 성취수준 문서 코드·문구 실재 확인
[12심영Ⅱ02-08],2015_12심영Ⅱ02-08,2015,high,1-3학년,ENG,심화영어 II,말하기,말하기 영역,다양한 상황에서 적절하게 대화한다.,,,,,,,,,KICE STAS 학생평가지원포털 (stas.moe.go.kr),,,kice_verified,2026-07-04,STAS API 자동수집. 원천 대조(별책14) 필요. course=외국어 계열 | NCIC 성취수준 문서 코드·문구 실재 확인
[12심영Ⅱ02-09],2015_12심영Ⅱ02-09,2015,high,1-3학년,ENG,심화영어 II,말하기,말하기 영역,다양한 주제에 관한 토론에 참여하여 합리적 근거로 자신의 주장을 말한다.,,,,,,,,,KICE STAS 학생평가지원포털 (stas.moe.go.kr),,,kice_verified,2026-07-04,STAS API 자동수집. 원천 대조(별책14) 필요. course=외국어 계열 | NCIC 성취수준 문서 코드·문구 실재 확인
[12심영Ⅱ03-01],2015_12심영Ⅱ03-01,2015,high,1-3학년,ENG,심화영어 II,읽기 ,읽기 영역,다양한 주제에 관한 글을 속독하여 세부 정보를 찾아 분류한다.,,,,,,,,,KICE STAS 학생평가지원포털 (stas.moe.go.kr),,,kice_verified,2026-07-04,STAS API 자동수집. 원천 대조(별책14) 필요. course=외국어 계열 | NCIC 성취수준 문서 코드·문구 실재 확인
[12심영Ⅱ03-02],2015_12심영Ⅱ03-02,2015,high,1-3학년,ENG,심화영어 II,읽기 ,읽기 영역,"다양한 주제에 관한 그림, 도표 등을 읽고 필요한 정보를 해석하고 분석한다.",,,,,,,,,KICE STAS 학생평가지원포털 (stas.moe.go.kr),,,kice_verified,2026-07-04,STAS API 자동수집. 원천 대조(별책14) 필요. course=외국어 계열 | NCIC 성취수준 문서 코드·문구 실재 확인
[12심영Ⅱ03-03],2015_12심영Ⅱ03-03,2015,high,1-3학년,ENG,심화영어 II,읽기 ,읽기 영역,다양한 주제에 관한 글을 읽고 글쓴이의 견해와 사실을 구분한다.,,,,,,,,,KICE STAS 학생평가지원포털 (stas.moe.go.kr),,,kice_verified,2026-07-04,STAS API 자동수집. 원천 대조(별책14) 필요. course=외국어 계열 | NCIC 성취수준 문서 코드·문구 실재 확인
[12심영Ⅱ03-04],2015_12심영Ⅱ03-04,2015,high,1-3학년,ENG,심화영어 II,읽기 ,읽기 영역,"다양한 주제에 관한 글을 제한된 시간 내에 훑어 읽고 줄거리, 요지를 파악한다.",,,,,,,,,KICE STAS 학생평가지원포털 (stas.moe.go.kr),,,kice_verified,2026-07-04,STAS API 자동수집. 원천 대조(별책14) 필요. course=외국어 계열 | NCIC 성취수준 문서 코드·문구 실재 확인
[12심영Ⅱ03-05],2015_12심영Ⅱ03-05,2015,high,1-3학년,ENG,심화영어 II,읽기 ,읽기 영역,다양한 주제에 관한 글을 읽고 주요 내용을 요약한다.,,,,,,,,,KICE STAS 학생평가지원포털 (stas.moe.go.kr),,,kice_verified,2026-07-04,STAS API 자동수집. 원천 대조(별책14) 필요. course=외국어 계열 | NCIC 성취수준 문서 코드·문구 실재 확인
[12심영Ⅱ03-06],2015_12심영Ⅱ03-06,2015,high,1-3학년,ENG,심화영어 II,읽기 ,읽기 영역,다양한 주제에 관한 글을 읽고 글의 논리적 구조를 파악한다.,,,,,,,,,KICE STAS 학생평가지원포털 (stas.moe.go.kr),,,kice_verified,2026-07-04,STAS API 자동수집. 원천 대조(별책14) 필요. course=외국어 계열 | NCIC 성취수준 문서 코드·문구 실재 확인
[12심영Ⅱ03-07],2015_12심영Ⅱ03-07,2015,high,1-3학년,ENG,심화영어 II,읽기 ,읽기 영역,비교적 쉬운 문학 작품을 읽고 이야기의 구성을 파악한다.,,,,,,,,,KICE STAS 학생평가지원포털 (stas.moe.go.kr),,,kice_verified,2026-07-04,STAS API 자동수집. 원천 대조(별책14) 필요. course=외국어 계열 | NCIC 성취수준 문서 코드·문구 실재 확인
[12심영Ⅱ03-08],2015_12심영Ⅱ03-08,2015,high,1-3학년,ENG,심화영어 II,읽기 ,읽기 영역,다양한 주제에 관한 긴 글을 읽고 문맥을 바탕으로 익숙하지 않은 표현의 의미를 추측한다.,,,,,,,,,KICE STAS 학생평가지원포털 (stas.moe.go.kr),,,kice_verified,2026-07-04,STAS API 자동수집. 원천 대조(별책14) 필요. course=외국어 계열 | NCIC 성취수준 문서 코드·문구 실재 확인
[12심영Ⅱ03-09],2015_12심영Ⅱ03-09,2015,high,1-3학년,ENG,심화영어 II,읽기 ,읽기 영역,다양한 주제에 관한 글을 읽고 함축적 의미를 파악한다.,,,,,,,,,KICE STAS 학생평가지원포털 (stas.moe.go.kr),,,kice_verified,2026-07-04,STAS API 자동수집. 원천 대조(별책14) 필요. course=외국어 계열 | NCIC 성취수준 문서 코드·문구 실재 확인
[12심영Ⅱ03-10],2015_12심영Ⅱ03-10,2015,high,1-3학년,ENG,심화영어 II,읽기 ,읽기 영역,다양한 주제에 관한 글을 읽고 글쓴이의 관점을 파악한다.,,,,,,,,,KICE STAS 학생평가지원포털 (stas.moe.go.kr),,,kice_verified,2026-07-04,STAS API 자동수집. 원천 대조(별책14) 필요. course=외국어 계열 | NCIC 성취수준 문서 코드·문구 실재 확인
[12심영Ⅱ04-01],2015_12심영Ⅱ04-01,2015,high,1-3학년,ENG,심화영어 II,쓰기 ,쓰기 영역,일반적인 주제에 관한 강의나 강연을 듣고 필요한 정보를 기록한다.,,,,,,,,,KICE STAS 학생평가지원포털 (stas.moe.go.kr),,,kice_verified,2026-07-04,STAS API 자동수집. 원천 대조(별책14) 필요. course=외국어 계열 | NCIC 성취수준 문서 코드·문구 실재 확인
[12심영Ⅱ04-02],2015_12심영Ⅱ04-02,2015,high,1-3학년,ENG,심화영어 II,쓰기 ,쓰기 영역,다양한 장르의 글을 읽고 조리 있게 요약하여 쓴다.,,,,,,,,,KICE STAS 학생평가지원포털 (stas.moe.go.kr),,,kice_verified,2026-07-04,STAS API 자동수집. 원천 대조(별책14) 필요. course=외국어 계열 | NCIC 성취수준 문서 코드·문구 실재 확인
[12심영Ⅱ04-03],2015_12심영Ⅱ04-03,2015,high,1-3학년,ENG,심화영어 II,쓰기 ,쓰기 영역,"실용 편지, 이력서, 지원서, 보고서 등을 양식에 맞게 작성한다.",,,,,,,,,KICE STAS 학생평가지원포털 (stas.moe.go.kr),,,kice_verified,2026-07-04,STAS API 자동수집. 원천 대조(별책14) 필요. course=외국어 계열 | NCIC 성취수준 문서 코드·문구 실재 확인
[12심영Ⅱ04-04],2015_12심영Ⅱ04-04,2015,high,1-3학년,ENG,심화영어 II,쓰기 ,쓰기 영역,다양한 주제에 관해 에세이를 조리 있게 쓴다.,,,,,,,,,KICE STAS 학생평가지원포털 (stas.moe.go.kr),,,kice_verified,2026-07-04,STAS API 자동수집. 원천 대조(별책14) 필요. course=외국어 계열 | NCIC 성취수준 문서 코드·문구 실재 확인
[12심작Ⅰ04-01],2015_12심작Ⅰ04-01,2015,high,1-3학년,ENG,심화 영어 작문 I,쓰기 ,쓰기 영역,다양한 서식을 작성한다.,,,,,,,,,KICE STAS 학생평가지원포털 (stas.moe.go.kr),,,kice_verified,2026-07-04,STAS API 자동수집. 원천 대조(별책14) 필요. course=외국어 계열 | NCIC 성취수준 문서 코드·문구 실재 확인
[12심작Ⅰ04-02],2015_12심작Ⅰ04-02,2015,high,1-3학년,ENG,심화 영어 작문 I,쓰기 ,쓰기 영역,친숙한 주제에 관한 강의나 발표를 듣고 주요 내용을 기록한다.,,,,,,,,,KICE STAS 학생평가지원포털 (stas.moe.go.kr),,,kice_verified,2026-07-04,STAS API 자동수집. 원천 대조(별책14) 필요. course=외국어 계열 | NCIC 성취수준 문서 코드·문구 실재 확인
[12심작Ⅰ04-03],2015_12심작Ⅰ04-03,2015,high,1-3학년,ENG,심화 영어 작문 I,쓰기 ,쓰기 영역,일반적인 주제의 글을 읽고 주요 내용을 요약하여 쓴다.,,,,,,,,,KICE STAS 학생평가지원포털 (stas.moe.go.kr),,,kice_verified,2026-07-04,STAS API 자동수집. 원천 대조(별책14) 필요. course=외국어 계열 | NCIC 성취수준 문서 코드·문구 실재 확인
[12심작Ⅰ04-04],2015_12심작Ⅰ04-04,2015,high,1-3학년,ENG,심화 영어 작문 I,쓰기 ,쓰기 영역,우리의 문화를 소개하는 글을 쓴다.,,,,,,,,,KICE STAS 학생평가지원포털 (stas.moe.go.kr),,,kice_verified,2026-07-04,STAS API 자동수집. 원천 대조(별책14) 필요. course=외국어 계열 | NCIC 성취수준 문서 코드·문구 실재 확인
[12심작Ⅰ04-05],2015_12심작Ⅰ04-05,2015,high,1-3학년,ENG,심화 영어 작문 I,쓰기 ,쓰기 영역,자신을 소개하는 글을 쓴다.,,,,,,,,,KICE STAS 학생평가지원포털 (stas.moe.go.kr),,,kice_verified,2026-07-04,STAS API 자동수집. 원천 대조(별책14) 필요. course=외국어 계열 | NCIC 성취수준 문서 코드·문구 실재 확인
[12심작Ⅰ04-06],2015_12심작Ⅰ04-06,2015,high,1-3학년,ENG,심화 영어 작문 I,쓰기 ,쓰기 영역,다양한 주제에 관한 글을 읽고 자신의 의견을 쓴다.,,,,,,,,,KICE STAS 학생평가지원포털 (stas.moe.go.kr),,,kice_verified,2026-07-04,STAS API 자동수집. 원천 대조(별책14) 필요. course=외국어 계열 | NCIC 성취수준 문서 코드·문구 실재 확인
[12심작Ⅰ04-07],2015_12심작Ⅰ04-07,2015,high,1-3학년,ENG,심화 영어 작문 I,쓰기 ,쓰기 영역,친숙한 일반적 주제에 대해 생각이나 느낌을 쓴다.,,,,,,,,,KICE STAS 학생평가지원포털 (stas.moe.go.kr),,,kice_verified,2026-07-04,STAS API 자동수집. 원천 대조(별책14) 필요. course=외국어 계열 | NCIC 성취수준 문서 코드·문구 실재 확인
[12심작Ⅱ04-01],2015_12심작Ⅱ04-01,2015,high,1-3학년,ENG,심화 영어 작문 II,쓰기 ,쓰기 영역,다양한 서식을 정확하게 작성한다.,,,,,,,,,KICE STAS 학생평가지원포털 (stas.moe.go.kr),,,kice_verified,2026-07-04,STAS API 자동수집. 원천 대조(별책14) 필요. course=외국어 계열 | NCIC 성취수준 문서 코드·문구 실재 확인
[12심작Ⅱ04-02],2015_12심작Ⅱ04-02,2015,high,1-3학년,ENG,심화 영어 작문 II,쓰기 ,쓰기 영역,친숙한 일반적인 주제에 관한 강의나 발표를 듣고 세부 정보를 정확하게 기록한다.,,,,,,,,,KICE STAS 학생평가지원포털 (stas.moe.go.kr),,,kice_verified,2026-07-04,STAS API 자동수집. 원천 대조(별책14) 필요. course=외국어 계열 | NCIC 성취수준 문서 코드·문구 실재 확인
[12심작Ⅱ04-03],2015_12심작Ⅱ04-03,2015,high,1-3학년,ENG,심화 영어 작문 II,쓰기 ,쓰기 영역,다양한 주제의 글을 읽고 주요 내용을 요약하여 쓴다.,,,,,,,,,KICE STAS 학생평가지원포털 (stas.moe.go.kr),,,kice_verified,2026-07-04,STAS API 자동수집. 원천 대조(별책14) 필요. course=외국어 계열 | NCIC 성취수준 문서 코드·문구 실재 확인
[12심작Ⅱ04-04],2015_12심작Ⅱ04-04,2015,high,1-3학년,ENG,심화 영어 작문 II,쓰기 ,쓰기 영역,우리의 문화를 소개하는 글을 조리 있게 쓴다.,,,,,,,,,KICE STAS 학생평가지원포털 (stas.moe.go.kr),,,kice_verified,2026-07-04,STAS API 자동수집. 원천 대조(별책14) 필요. course=외국어 계열 | NCIC 성취수준 문서 코드·문구 실재 확인
[12심작Ⅱ04-05],2015_12심작Ⅱ04-05,2015,high,1-3학년,ENG,심화 영어 작문 II,쓰기 ,쓰기 영역,자신을 소개하는 글을 조리 있게 쓴다.,,,,,,,,,KICE STAS 학생평가지원포털 (stas.moe.go.kr),,,kice_verified,2026-07-04,STAS API 자동수집. 원천 대조(별책14) 필요. course=외국어 계열 | NCIC 성취수준 문서 코드·문구 실재 확인
[12심작Ⅱ04-06],2015_12심작Ⅱ04-06,2015,high,1-3학년,ENG,심화 영어 작문 II,쓰기 ,쓰기 영역,다양한 주제에 관한 글을 읽고 자신의 의견을 조리 있게 쓴다.,,,,,,,,,KICE STAS 학생평가지원포털 (stas.moe.go.kr),,,kice_verified,2026-07-04,STAS API 자동수집. 원천 대조(별책14) 필요. course=외국어 계열 | NCIC 성취수준 문서 코드·문구 실재 확인
[12심작Ⅱ04-07],2015_12심작Ⅱ04-07,2015,high,1-3학년,ENG,심화 영어 작문 II,쓰기 ,쓰기 영역,일반적 주제에 관해 자신의 생각과 느낌을 쓴다.,,,,,,,,,KICE STAS 학생평가지원포털 (stas.moe.go.kr),,,kice_verified,2026-07-04,STAS API 자동수집. 원천 대조(별책14) 필요. course=외국어 계열 | NCIC 성취수준 문서 코드·문구 실재 확인
[12심작Ⅱ04-08],2015_12심작Ⅱ04-08,2015,high,1-3학년,ENG,심화 영어 작문 II,쓰기 ,쓰기 영역,주어진 주제에 관해 자신의 생각을 조리 있게 쓴다.,,,,,,,,,KICE STAS 학생평가지원포털 (stas.moe.go.kr),,,kice_verified,2026-07-04,STAS API 자동수집. 원천 대조(별책14) 필요. course=외국어 계열 | NCIC 성취수준 문서 코드·문구 실재 확인
[12심회Ⅰ01-01],2015_12심회Ⅰ01-01,2015,high,1-3학년,ENG,심화 영어 회화 I,듣기 ,듣기 영역,"친숙한 일반적 주제의 뉴스, 강연, 연설, 토론을 듣고 세부 정보를 파악한다.",,,,,,,,,KICE STAS 학생평가지원포털 (stas.moe.go.kr),,,kice_verified,2026-07-04,STAS API 자동수집. 원천 대조(별책14) 필요. course=외국어 계열 | NCIC 성취수준 문서 코드·문구 실재 확인
[12심회Ⅰ01-02],2015_12심회Ⅰ01-02,2015,high,1-3학년,ENG,심화 영어 회화 I,듣기 ,듣기 영역,"친숙한 일반적 주제의 뉴스, 강연, 연설, 토론을 듣고 주요 내용을 파악한다.",,,,,,,,,KICE STAS 학생평가지원포털 (stas.moe.go.kr),,,kice_verified,2026-07-04,STAS API 자동수집. 원천 대조(별책14) 필요. course=외국어 계열 | NCIC 성취수준 문서 코드·문구 실재 확인
[12심회Ⅰ01-03],2015_12심회Ⅰ01-03,2015,high,1-3학년,ENG,심화 영어 회화 I,듣기 ,듣기 영역,일반적 주제에 관한 말이나 대화를 듣고 전후 내용을 추론한다.,,,,,,,,,KICE STAS 학생평가지원포털 (stas.moe.go.kr),,,kice_verified,2026-07-04,STAS API 자동수집. 원천 대조(별책14) 필요. course=외국어 계열 | NCIC 성취수준 문서 코드·문구 실재 확인
[12심회Ⅰ01-04],2015_12심회Ⅰ01-04,2015,high,1-3학년,ENG,심화 영어 회화 I,듣기 ,듣기 영역,"일반적 주제에 관한 말이나 대화를 듣고 화자의 심정, 의도를 이해한다.",,,,,,,,,KICE STAS 학생평가지원포털 (stas.moe.go.kr),,,kice_verified,2026-07-04,STAS API 자동수집. 원천 대조(별책14) 필요. course=외국어 계열 | NCIC 성취수준 문서 코드·문구 실재 확인
[12심회Ⅰ01-05],2015_12심회Ⅰ01-05,2015,high,1-3학년,ENG,심화 영어 회화 I,듣기 ,듣기 영역,일반적 주제에 관한 말이나 대화를 듣고 언급되지 않은 내용을 추론한다.,,,,,,,,,KICE STAS 학생평가지원포털 (stas.moe.go.kr),,,kice_verified,2026-07-04,STAS API 자동수집. 원천 대조(별책14) 필요. course=외국어 계열 | NCIC 성취수준 문서 코드·문구 실재 확인
[12심회Ⅰ01-06],2015_12심회Ⅰ01-06,2015,high,1-3학년,ENG,심화 영어 회화 I,듣기 ,듣기 영역,문화 간 다양한 비언어적 의사소통 방식을 이해한다.,,,,,,,,,KICE STAS 학생평가지원포털 (stas.moe.go.kr),,,kice_verified,2026-07-04,STAS API 자동수집. 원천 대조(별책14) 필요. course=외국어 계열 | NCIC 성취수준 문서 코드·문구 실재 확인
[12심회Ⅰ02-01],2015_12심회Ⅰ02-01,2015,high,1-3학년,ENG,심화 영어 회화 I,말하기,말하기 영역,친숙한 일반적 주제에 관해 주장이나 의견을 말한다.,,,,,,,,,KICE STAS 학생평가지원포털 (stas.moe.go.kr),,,kice_verified,2026-07-04,STAS API 자동수집. 원천 대조(별책14) 필요. course=외국어 계열 | NCIC 성취수준 문서 코드·문구 실재 확인
[12심회Ⅰ02-02],2015_12심회Ⅰ02-02,2015,high,1-3학년,ENG,심화 영어 회화 I,말하기,말하기 영역,우리의 문화를 외국인들에게 소개한다.,,,,,,,,,KICE STAS 학생평가지원포털 (stas.moe.go.kr),,,kice_verified,2026-07-04,STAS API 자동수집. 원천 대조(별책14) 필요. course=외국어 계열 | NCIC 성취수준 문서 코드·문구 실재 확인
[12심회Ⅰ02-03],2015_12심회Ⅰ02-03,2015,high,1-3학년,ENG,심화 영어 회화 I,말하기,말하기 영역,"일반적 주제에 관한 뉴스, 강연, 연설, 토론을 듣고 주요 내용을 말한다.",,,,,,,,,KICE STAS 학생평가지원포털 (stas.moe.go.kr),,,kice_verified,2026-07-04,STAS API 자동수집. 원천 대조(별책14) 필요. course=외국어 계열 | NCIC 성취수준 문서 코드·문구 실재 확인
[12심회Ⅰ02-04],2015_12심회Ⅰ02-04,2015,high,1-3학년,ENG,심화 영어 회화 I,말하기,말하기 영역,다양한 상황에 맞게 질문하고 답한다.,,,,,,,,,KICE STAS 학생평가지원포털 (stas.moe.go.kr),,,kice_verified,2026-07-04,STAS API 자동수집. 원천 대조(별책14) 필요. course=외국어 계열 | NCIC 성취수준 문서 코드·문구 실재 확인
[12심회Ⅰ02-05],2015_12심회Ⅰ02-05,2015,high,1-3학년,ENG,심화 영어 회화 I,말하기,말하기 영역,"공식적, 비공식적 상황에 맞게 대화한다.",,,,,,,,,KICE STAS 학생평가지원포털 (stas.moe.go.kr),,,kice_verified,2026-07-04,STAS API 자동수집. 원천 대조(별책14) 필요. course=외국어 계열 | NCIC 성취수준 문서 코드·문구 실재 확인
[12심회Ⅰ02-06],2015_12심회Ⅰ02-06,2015,high,1-3학년,ENG,심화 영어 회화 I,말하기,말하기 영역,적절한 의사소통 전략을 사용하여 대화한다.,,,,,,,,,KICE STAS 학생평가지원포털 (stas.moe.go.kr),,,kice_verified,2026-07-04,STAS API 자동수집. 원천 대조(별책14) 필요. course=외국어 계열 | NCIC 성취수준 문서 코드·문구 실재 확인
[12심회Ⅱ01-01],2015_12심회Ⅱ01-01,2015,high,1-3학년,ENG,심화 영어 회화 II,듣기 ,듣기 영역,"다양한 분야에 관한 뉴스, 강연, 연설, 토론을 듣고 세부 정보를 파악한다.",,,,,,,,,KICE STAS 학생평가지원포털 (stas.moe.go.kr),,,kice_verified,2026-07-04,STAS API 자동수집. 원천 대조(별책14) 필요. course=외국어 계열 | NCIC 성취수준 문서 코드·문구 실재 확인
[12심회Ⅱ01-02],2015_12심회Ⅱ01-02,2015,high,1-3학년,ENG,심화 영어 회화 II,듣기 ,듣기 영역,"다양한 분야에 관한 뉴스, 강연, 연설, 토론을 듣고 주요 내용을 파악한다.",,,,,,,,,KICE STAS 학생평가지원포털 (stas.moe.go.kr),,,kice_verified,2026-07-04,STAS API 자동수집. 원천 대조(별책14) 필요. course=외국어 계열 | NCIC 성취수준 문서 코드·문구 실재 확인
[12심회Ⅱ01-03],2015_12심회Ⅱ01-03,2015,high,1-3학년,ENG,심화 영어 회화 II,듣기 ,듣기 영역,일반적 주제에 관한 말이나 대화를 듣고 전후 내용을 추론한다.,,,,,,,,,KICE STAS 학생평가지원포털 (stas.moe.go.kr),,,kice_verified,2026-07-04,STAS API 자동수집. 원천 대조(별책14) 필요. course=외국어 계열 | NCIC 성취수준 문서 코드·문구 실재 확인
[12심회Ⅱ01-04],2015_12심회Ⅱ01-04,2015,high,1-3학년,ENG,심화 영어 회화 II,듣기 ,듣기 영역,"다양한 분야에 관한 말이나 대화를 듣고 화자의 심정, 태도, 의도를 파악한다.",,,,,,,,,KICE STAS 학생평가지원포털 (stas.moe.go.kr),,,kice_verified,2026-07-04,STAS API 자동수집. 원천 대조(별책14) 필요. course=외국어 계열 | NCIC 성취수준 문서 코드·문구 실재 확인
[12심회Ⅱ01-05],2015_12심회Ⅱ01-05,2015,high,1-3학년,ENG,심화 영어 회화 II,듣기 ,듣기 영역,일반적 주제에 관한 말이나 대화를 듣고 언급되지 않은 내용을 추론한다.,,,,,,,,,KICE STAS 학생평가지원포털 (stas.moe.go.kr),,,kice_verified,2026-07-04,STAS API 자동수집. 원천 대조(별책14) 필요. course=외국어 계열 | NCIC 성취수준 문서 코드·문구 실재 확인
[12심회Ⅱ01-06],2015_12심회Ⅱ01-06,2015,high,1-3학년,ENG,심화 영어 회화 II,듣기 ,듣기 영역,문화 간 다양한 비언어적 의사소통 방식을 익힌다.,,,,,,,,,KICE STAS 학생평가지원포털 (stas.moe.go.kr),,,kice_verified,2026-07-04,STAS API 자동수집. 원천 대조(별책14) 필요. course=외국어 계열 | NCIC 성취수준 문서 코드·문구 실재 확인
[12심회Ⅱ02-01],2015_12심회Ⅱ02-01,2015,high,1-3학년,ENG,심화 영어 회화 II,말하기,말하기 영역,일반적 주제에 관해 주장이나 의견을 말한다.,,,,,,,,,KICE STAS 학생평가지원포털 (stas.moe.go.kr),,,kice_verified,2026-07-04,STAS API 자동수집. 원천 대조(별책14) 필요. course=외국어 계열 | NCIC 성취수준 문서 코드·문구 실재 확인
[12심회Ⅱ02-02],2015_12심회Ⅱ02-02,2015,high,1-3학년,ENG,심화 영어 회화 II,말하기,말하기 영역,문화 간 유사점과 차이점을 설명한다.,,,,,,,,,KICE STAS 학생평가지원포털 (stas.moe.go.kr),,,kice_verified,2026-07-04,STAS API 자동수집. 원천 대조(별책14) 필요. course=외국어 계열 | NCIC 성취수준 문서 코드·문구 실재 확인
[12심회Ⅱ02-03],2015_12심회Ⅱ02-03,2015,high,1-3학년,ENG,심화 영어 회화 II,말하기,말하기 영역,"다양한 주제에 관한 뉴스, 강연, 연설, 토론을 듣고 주요 내용을 말한다.",,,,,,,,,KICE STAS 학생평가지원포털 (stas.moe.go.kr),,,kice_verified,2026-07-04,STAS API 자동수집. 원천 대조(별책14) 필요. course=외국어 계열 | NCIC 성취수준 문서 코드·문구 실재 확인
[12심회Ⅱ02-04],2015_12심회Ⅱ02-04,2015,high,1-3학년,ENG,심화 영어 회화 II,말하기,말하기 영역,"공식적, 비공식적 상황에 맞게 원활하게 대화한다.",,,,,,,,,KICE STAS 학생평가지원포털 (stas.moe.go.kr),,,kice_verified,2026-07-04,STAS API 자동수집. 원천 대조(별책14) 필요. course=외국어 계열 | NCIC 성취수준 문서 코드·문구 실재 확인
[12심회Ⅱ02-05],2015_12심회Ⅱ02-05,2015,high,1-3학년,ENG,심화 영어 회화 II,말하기,말하기 영역,다양한 전략을 사용하여 친숙한 분야에 대하여 자연스럽게 대화한다.,,,,,,,,,KICE STAS 학생평가지원포털 (stas.moe.go.kr),,,kice_verified,2026-07-04,STAS API 자동수집. 원천 대조(별책14) 필요. course=외국어 계열 | NCIC 성취수준 문서 코드·문구 실재 확인
[12심회Ⅱ02-06],2015_12심회Ⅱ02-06,2015,high,1-3학년,ENG,심화 영어 회화 II,말하기,말하기 영역,다양한 분야의 토론에 참여하여 주장이나 의견을 조리 있게 말한다.,,,,,,,,,KICE STAS 학생평가지원포털 (stas.moe.go.kr),,,kice_verified,2026-07-04,STAS API 자동수집. 원천 대조(별책14) 필요. course=외국어 계열 | NCIC 성취수준 문서 코드·문구 실재 확인
[12영Ⅰ-01-01],2022_12영Ⅰ-01-01,2022,high,1-3학년,ENG,영어Ⅰ,UND,이해,말이나 글의 세부 정보를 파악한다.,,,,,,,,,KICE STAS 학생평가지원포털 (stas.moe.go.kr),,,kice_verified,2026-07-04,STAS API 자동수집. 원천 대조(별책14) 필요. course=영어 | NCIC 성취수준 문서 코드·문구 실재 확인
[12영Ⅰ-01-02],2022_12영Ⅰ-01-02,2022,high,1-3학년,ENG,영어Ⅰ,UND,이해,말이나 글의 주제나 요지를 파악한다.,,,,,,,,,KICE STAS 학생평가지원포털 (stas.moe.go.kr),,,kice_verified,2026-07-04,STAS API 자동수집. 원천 대조(별책14) 필요. course=영어 | NCIC 성취수준 문서 코드·문구 실재 확인
[12영Ⅰ-01-03],2022_12영Ⅰ-01-03,2022,high,1-3학년,ENG,영어Ⅰ,UND,이해,화자나 필자의 심정이나 의도를 추론한다.,,,,,,,,,KICE STAS 학생평가지원포털 (stas.moe.go.kr),,,kice_verified,2026-07-04,STAS API 자동수집. 원천 대조(별책14) 필요. course=영어 | NCIC 성취수준 문서 코드·문구 실재 확인
[12영Ⅰ-01-04],2022_12영Ⅰ-01-04,2022,high,1-3학년,ENG,영어Ⅰ,UND,이해,말이나 글에서 일이나 사건의 논리적 관계를 파악한다.,,,,,,,,,KICE STAS 학생평가지원포털 (stas.moe.go.kr),,,kice_verified,2026-07-04,STAS API 자동수집. 원천 대조(별책14) 필요. course=영어 | NCIC 성취수준 문서 코드·문구 실재 확인
[12영Ⅰ-01-05],2022_12영Ⅰ-01-05,2022,high,1-3학년,ENG,영어Ⅰ,UND,이해,말이나 글의 맥락을 바탕으로 어구나 문장의 함축적 의미를 추론한다.,,,,,,,,,KICE STAS 학생평가지원포털 (stas.moe.go.kr),,,kice_verified,2026-07-04,STAS API 자동수집. 원천 대조(별책14) 필요. course=영어 | NCIC 성취수준 문서 코드·문구 실재 확인
[12영Ⅰ-01-06],2022_12영Ⅰ-01-06,2022,high,1-3학년,ENG,영어Ⅰ,UND,이해,말이나 글의 전개 방식이나 구조를 파악한다.,,,,,,,,,KICE STAS 학생평가지원포털 (stas.moe.go.kr),,,kice_verified,2026-07-04,STAS API 자동수집. 원천 대조(별책14) 필요. course=영어 | NCIC 성취수준 문서 코드·문구 실재 확인
[12영Ⅰ-01-07],2022_12영Ⅰ-01-07,2022,high,1-3학년,ENG,영어Ⅰ,UND,이해,적절한 전략을 활용하여 다양한 매체로 된 말이나 글의 의미를 파악한다.,,,,,,,,,KICE STAS 학생평가지원포털 (stas.moe.go.kr),,,kice_verified,2026-07-04,STAS API 자동수집. 원천 대조(별책14) 필요. course=영어 | NCIC 성취수준 문서 코드·문구 실재 확인
[12영Ⅰ-01-08],2022_12영Ⅰ-01-08,2022,high,1-3학년,ENG,영어Ⅰ,UND,이해,우리 문화 및 타 문화의 다양한 관점에 대해 포용하고 공감하는 태도를 가진다.,,,,,,,,,KICE STAS 학생평가지원포털 (stas.moe.go.kr),,,kice_verified,2026-07-04,STAS API 자동수집. 원천 대조(별책14) 필요. course=영어 | NCIC 성취수준 문서 코드·문구 실재 확인
[12영Ⅰ-02-01],2022_12영Ⅰ-02-01,2022,high,1-3학년,ENG,영어Ⅰ,EXP,표현,사실적 정보를 말이나 글로 설명한다.,,,,,,,,,KICE STAS 학생평가지원포털 (stas.moe.go.kr),,,kice_verified,2026-07-04,STAS API 자동수집. 원천 대조(별책14) 필요. course=영어 | NCIC 성취수준 문서 코드·문구 실재 확인
[12영Ⅰ-02-02],2022_12영Ⅰ-02-02,2022,high,1-3학년,ENG,영어Ⅰ,EXP,표현,경험이나 계획 또는 일이나 사건을 말이나 글로 설명한다.,,,,,,,,,KICE STAS 학생평가지원포털 (stas.moe.go.kr),,,kice_verified,2026-07-04,STAS API 자동수집. 원천 대조(별책14) 필요. course=영어 | NCIC 성취수준 문서 코드·문구 실재 확인
[12영Ⅰ-02-03],2022_12영Ⅰ-02-03,2022,high,1-3학년,ENG,영어Ⅰ,EXP,표현,상대방을 배려하고 존중하는 태도로 자신의 의견이나 감정을 표현한다.,,,,,,,,,KICE STAS 학생평가지원포털 (stas.moe.go.kr),,,kice_verified,2026-07-04,STAS API 자동수집. 원천 대조(별책14) 필요. course=영어 | NCIC 성취수준 문서 코드·문구 실재 확인
[12영Ⅰ-02-04],2022_12영Ⅰ-02-04,2022,high,1-3학년,ENG,영어Ⅰ,EXP,표현,듣거나 읽은 내용을 말이나 글로 요약한다.,,,,,,,,,KICE STAS 학생평가지원포털 (stas.moe.go.kr),,,kice_verified,2026-07-04,STAS API 자동수집. 원천 대조(별책14) 필요. course=영어 | NCIC 성취수준 문서 코드·문구 실재 확인
[12영Ⅰ-02-05],2022_12영Ⅰ-02-05,2022,high,1-3학년,ENG,영어Ⅰ,EXP,표현,"서신, 신청서, 지원서 등의 서식을 목적에 맞게 작성한다.",,,,,,,,,KICE STAS 학생평가지원포털 (stas.moe.go.kr),,,kice_verified,2026-07-04,STAS API 자동수집. 원천 대조(별책14) 필요. course=영어 | NCIC 성취수준 문서 코드·문구 실재 확인
[12영Ⅰ-02-06],2022_12영Ⅰ-02-06,2022,high,1-3학년,ENG,영어Ⅰ,EXP,표현,글의 구조나 내용 및 표현을 점검하고 쓰기 윤리를 준수하여 고쳐 쓴다.,,,,,,,,,KICE STAS 학생평가지원포털 (stas.moe.go.kr),,,kice_verified,2026-07-04,STAS API 자동수집. 원천 대조(별책14) 필요. course=영어 | NCIC 성취수준 문서 코드·문구 실재 확인
[12영Ⅰ-02-07],2022_12영Ⅰ-02-07,2022,high,1-3학년,ENG,영어Ⅰ,EXP,표현,다양한 매체와 적절한 전략을 활용하여 정보를 창의적으로 전달한다.,,,,,,,,,KICE STAS 학생평가지원포털 (stas.moe.go.kr),,,kice_verified,2026-07-04,STAS API 자동수집. 원천 대조(별책14) 필요. course=영어 | NCIC 성취수준 문서 코드·문구 실재 확인
[12영Ⅰ-02-08],2022_12영Ⅰ-02-08,2022,high,1-3학년,ENG,영어Ⅰ,EXP,표현,협력적이고 능동적으로 말하기나 쓰기 과업을 수행한다.,,,,,,,,,KICE STAS 학생평가지원포털 (stas.moe.go.kr),,,kice_verified,2026-07-04,STAS API 자동수집. 원천 대조(별책14) 필요. course=영어 | NCIC 성취수준 문서 코드·문구 실재 확인
[12영Ⅰ04-01],2015_12영Ⅰ04-01,2015,high,1-3학년,ENG,영어Ⅰ,쓰기 ,쓰기 영역,친숙한 일반적 주제에 관하여 듣거나 읽고 세부 정보를 기록할 수 있다.,,,,,,,,,KICE STAS 학생평가지원포털 (stas.moe.go.kr),,,stas_import,2026-07-04,STAS API 자동수집. 원천 대조(별책14) 필요. course=영어
[12영Ⅰ04-02],2015_12영Ⅰ04-02,2015,high,1-3학년,ENG,영어Ⅰ,쓰기 ,쓰기 영역,친숙한 일반적 주제에 관하여 듣거나 읽고 간단하게 요약할 수 있다.,,,,,,,,,KICE STAS 학생평가지원포털 (stas.moe.go.kr),,,stas_import,2026-07-04,STAS API 자동수집. 원천 대조(별책14) 필요. course=영어
[12영Ⅰ04-03],2015_12영Ⅰ04-03,2015,high,1-3학년,ENG,영어Ⅰ,쓰기 ,쓰기 영역,친숙한 일반적 주제에 관해 자신의 의견이나 감정을 쓸 수 있다.,,,,,,,,,KICE STAS 학생평가지원포털 (stas.moe.go.kr),,,stas_import,2026-07-04,STAS API 자동수집. 원천 대조(별책14) 필요. course=영어
[12영Ⅰ04-04],2015_12영Ⅰ04-04,2015,high,1-3학년,ENG,영어Ⅰ,쓰기 ,쓰기 영역,"사람, 사물, 사건에 대하여 묘사하는 글을 쓸 수 있다.",,,,,,,,,KICE STAS 학생평가지원포털 (stas.moe.go.kr),,,stas_import,2026-07-04,STAS API 자동수집. 원천 대조(별책14) 필요. course=영어
[12영Ⅰ04-05],2015_12영Ⅰ04-05,2015,high,1-3학년,ENG,영어Ⅰ,쓰기 ,쓰기 영역,"서식, 이메일, 메모 등을 작성할 수 있다.",,,,,,,,,KICE STAS 학생평가지원포털 (stas.moe.go.kr),,,stas_import,2026-07-04,STAS API 자동수집. 원천 대조(별책14) 필요. course=영어
[12영Ⅰ04-06],2015_12영Ⅰ04-06,2015,high,1-3학년,ENG,영어Ⅰ,쓰기 ,쓰기 영역,"친숙한 일반적 주제에 관한 그림, 도표 등을 설명하는 글을 쓸 수 있다.",,,,,,,,,KICE STAS 학생평가지원포털 (stas.moe.go.kr),,,stas_import,2026-07-04,STAS API 자동수집. 원천 대조(별책14) 필요. course=영어
[12영Ⅱ-01-01],2022_12영Ⅱ-01-01,2022,high,1-3학년,ENG,영어Ⅱ,UND,이해,다양한 주제에 대한 말이나 글의 세부 정보를 파악한다.,,,,,,,,,KICE STAS 학생평가지원포털 (stas.moe.go.kr),,,stas_import,2026-07-04,STAS API 자동수집. 원천 대조(별책14) 필요. course=영어
[12영Ⅱ-01-02],2022_12영Ⅱ-01-02,2022,high,1-3학년,ENG,영어Ⅱ,UND,이해,말이나 글의 주제나 요지를 파악한다.,,,,,,,,,KICE STAS 학생평가지원포털 (stas.moe.go.kr),,,kice_verified,2026-07-04,STAS API 자동수집. 원천 대조(별책14) 필요. course=영어 | NCIC 성취수준 문서 코드·문구 실재 확인
[12영Ⅱ-01-03],2022_12영Ⅱ-01-03,2022,high,1-3학년,ENG,영어Ⅱ,UND,이해,"말이나 글에 나타난 화자, 필자, 인물 등의 심정이나 의도를 추론한다.",,,,,,,,,KICE STAS 학생평가지원포털 (stas.moe.go.kr),,,kice_verified,2026-07-04,STAS API 자동수집. 원천 대조(별책14) 필요. course=영어 | NCIC 성취수준 문서 코드·문구 실재 확인
[12영Ⅱ-01-04],2022_12영Ⅱ-01-04,2022,high,1-3학년,ENG,영어Ⅱ,UND,이해,말이나 글에서 일이나 사건의 논리적 관계를 추론한다.,,,,,,,,,KICE STAS 학생평가지원포털 (stas.moe.go.kr),,,kice_verified,2026-07-04,STAS API 자동수집. 원천 대조(별책14) 필요. course=영어 | NCIC 성취수준 문서 코드·문구 실재 확인
[12영Ⅱ-01-05],2022_12영Ⅱ-01-05,2022,high,1-3학년,ENG,영어Ⅱ,UND,이해,말이나 글의 맥락을 바탕으로 함축된 의미를 추론한다.,,,,,,,,,KICE STAS 학생평가지원포털 (stas.moe.go.kr),,,kice_verified,2026-07-04,STAS API 자동수집. 원천 대조(별책14) 필요. course=영어 | NCIC 성취수준 문서 코드·문구 실재 확인
[12영Ⅱ-01-06],2022_12영Ⅱ-01-06,2022,high,1-3학년,ENG,영어Ⅱ,UND,이해,다양한 유형의 말이나 글의 전개 방식이나 구조를 파악한다.,,,,,,,,,KICE STAS 학생평가지원포털 (stas.moe.go.kr),,,kice_verified,2026-07-04,STAS API 자동수집. 원천 대조(별책14) 필요. course=영어 | NCIC 성취수준 문서 코드·문구 실재 확인
[12영Ⅱ-01-07],2022_12영Ⅱ-01-07,2022,high,1-3학년,ENG,영어Ⅱ,UND,이해,적절한 전략을 적용하여 다양한 매체 자료의 말이나 글을 이해한다.,,,,,,,,,KICE STAS 학생평가지원포털 (stas.moe.go.kr),,,kice_verified,2026-07-04,STAS API 자동수집. 원천 대조(별책14) 필요. course=영어 | NCIC 성취수준 문서 코드·문구 실재 확인
[12영Ⅱ-01-08],2022_12영Ⅱ-01-08,2022,high,1-3학년,ENG,영어Ⅱ,UND,이해,다양한 문화와 관점에 대해 포용하고 공감하는 태도를 가진다.,,,,,,,,,KICE STAS 학생평가지원포털 (stas.moe.go.kr),,,kice_verified,2026-07-04,STAS API 자동수집. 원천 대조(별책14) 필요. course=영어 | NCIC 성취수준 문서 코드·문구 실재 확인
[12영Ⅱ-02-01],2022_12영Ⅱ-02-01,2022,high,1-3학년,ENG,영어Ⅱ,EXP,표현,다양한 주제에 대한 사실적 정보를 말이나 글로 설명한다.,,,,,,,,,KICE STAS 학생평가지원포털 (stas.moe.go.kr),,,kice_verified,2026-07-04,STAS API 자동수집. 원천 대조(별책14) 필요. course=영어 | NCIC 성취수준 문서 코드·문구 실재 확인
[12영Ⅱ-02-02],2022_12영Ⅱ-02-02,2022,high,1-3학년,ENG,영어Ⅱ,EXP,표현,지식과 경험을 활용하여 자신의 감상이나 느낌을 표현한다.,,,,,,,,,KICE STAS 학생평가지원포털 (stas.moe.go.kr),,,kice_verified,2026-07-04,STAS API 자동수집. 원천 대조(별책14) 필요. course=영어 | NCIC 성취수준 문서 코드·문구 실재 확인
[12영Ⅱ-02-03],2022_12영Ⅱ-02-03,2022,high,1-3학년,ENG,영어Ⅱ,EXP,표현,상대방을 배려하고 존중하는 태도로 자신의 의견이나 주장을 제시한다.,,,,,,,,,KICE STAS 학생평가지원포털 (stas.moe.go.kr),,,kice_verified,2026-07-04,STAS API 자동수집. 원천 대조(별책14) 필요. course=영어 | NCIC 성취수준 문서 코드·문구 실재 확인
[12영Ⅱ-02-04],2022_12영Ⅱ-02-04,2022,high,1-3학년,ENG,영어Ⅱ,EXP,표현,다양한 주제에 대해 듣거나 읽은 내용을 재구성하여 요약한다.,,,,,,,,,KICE STAS 학생평가지원포털 (stas.moe.go.kr),,,kice_verified,2026-07-04,STAS API 자동수집. 원천 대조(별책14) 필요. course=영어 | NCIC 성취수준 문서 코드·문구 실재 확인
[12영Ⅱ-02-05],2022_12영Ⅱ-02-05,2022,high,1-3학년,ENG,영어Ⅱ,EXP,표현,적절한 전략을 활용하여 논리적으로 대상을 설득한다.,,,,,,,,,KICE STAS 학생평가지원포털 (stas.moe.go.kr),,,kice_verified,2026-07-04,STAS API 자동수집. 원천 대조(별책14) 필요. course=영어 | NCIC 성취수준 문서 코드·문구 실재 확인
[12영Ⅱ-02-06],2022_12영Ⅱ-02-06,2022,high,1-3학년,ENG,영어Ⅱ,EXP,표현,"자기소개서, 이력서, 보고서 등의 서식을 목적에 맞게 작성한다.",,,,,,,,,KICE STAS 학생평가지원포털 (stas.moe.go.kr),,,kice_verified,2026-07-04,STAS API 자동수집. 원천 대조(별책14) 필요. course=영어 | NCIC 성취수준 문서 코드·문구 실재 확인
[12영Ⅱ-02-07],2022_12영Ⅱ-02-07,2022,high,1-3학년,ENG,영어Ⅱ,EXP,표현,글을 쓰는 과정에서 글의 내용과 형식을 점검하고 쓰기 윤리를 준수하여 고쳐 쓴다.,,,,,,,,,KICE STAS 학생평가지원포털 (stas.moe.go.kr),,,kice_verified,2026-07-04,STAS API 자동수집. 원천 대조(별책14) 필요. course=영어 | NCIC 성취수준 문서 코드·문구 실재 확인
[12영Ⅱ-02-08],2022_12영Ⅱ-02-08,2022,high,1-3학년,ENG,영어Ⅱ,EXP,표현,다양한 매체를 활용하여 정보를 창의적이고 효과적으로 전달한다.,,,,,,,,,KICE STAS 학생평가지원포털 (stas.moe.go.kr),,,kice_verified,2026-07-04,STAS API 자동수집. 원천 대조(별책14) 필요. course=영어 | NCIC 성취수준 문서 코드·문구 실재 확인
[12영Ⅱ-02-09],2022_12영Ⅱ-02-09,2022,high,1-3학년,ENG,영어Ⅱ,EXP,표현,원활한 의견 교환을 위해 협력적이고 능동적으로 의사소통 활동에 참여한다.,,,,,,,,,KICE STAS 학생평가지원포털 (stas.moe.go.kr),,,kice_verified,2026-07-04,STAS API 자동수집. 원천 대조(별책14) 필요. course=영어 | NCIC 성취수준 문서 코드·문구 실재 확인
[12영독01-01],2022_12영독01-01,2022,high,1-3학년,ENG,영어 독해와 작문,독해,독해,글의 세부 정보를 파악한다.,,,,,,,,,KICE STAS 학생평가지원포털 (stas.moe.go.kr),,,kice_verified,2026-07-04,STAS API 자동수집. 원천 대조(별책14) 필요. course=영어 | NCIC 성취수준 문서 코드·문구 실재 확인
[12영독01-02],2022_12영독01-02,2022,high,1-3학년,ENG,영어 독해와 작문,독해,독해,글의 주제나 요지를 파악한다.,,,,,,,,,KICE STAS 학생평가지원포털 (stas.moe.go.kr),,,kice_verified,2026-07-04,STAS API 자동수집. 원천 대조(별책14) 필요. course=영어 | NCIC 성취수준 문서 코드·문구 실재 확인
[12영독01-03],2022_12영독01-03,2022,high,1-3학년,ENG,영어 독해와 작문,독해,독해,화자나 필자의 심정이나 의도를 추론한다.,,,,,,,,,KICE STAS 학생평가지원포털 (stas.moe.go.kr),,,kice_verified,2026-07-04,STAS API 자동수집. 원천 대조(별책14) 필요. course=영어 | NCIC 성취수준 문서 코드·문구 실재 확인
[12영독01-04],2022_12영독01-04,2022,high,1-3학년,ENG,영어 독해와 작문,독해,독해,글의 구조를 고려하여 내용의 논리적 관계를 파악한다.,,,,,,,,,KICE STAS 학생평가지원포털 (stas.moe.go.kr),,,kice_verified,2026-07-04,STAS API 자동수집. 원천 대조(별책14) 필요. course=영어 | NCIC 성취수준 문서 코드·문구 실재 확인
[12영독01-05],2022_12영독01-05,2022,high,1-3학년,ENG,영어 독해와 작문,독해,독해,글의 맥락과 배경지식을 활용하여 함축적 의미를 추론한다.,,,,,,,,,KICE STAS 학생평가지원포털 (stas.moe.go.kr),,,kice_verified,2026-07-04,STAS API 자동수집. 원천 대조(별책14) 필요. course=영어 | NCIC 성취수준 문서 코드·문구 실재 확인
[12영독01-06],2022_12영독01-06,2022,high,1-3학년,ENG,영어 독해와 작문,독해,독해,글의 전개 방식이나 구조를 파악한다.,,,,,,,,,KICE STAS 학생평가지원포털 (stas.moe.go.kr),,,kice_verified,2026-07-04,STAS API 자동수집. 원천 대조(별책14) 필요. course=영어 | NCIC 성취수준 문서 코드·문구 실재 확인
[12영독01-07],2022_12영독01-07,2022,high,1-3학년,ENG,영어 독해와 작문,독해,독해,다양한 매체로 표현된 정보를 파악한다.,,,,,,,,,KICE STAS 학생평가지원포털 (stas.moe.go.kr),,,kice_verified,2026-07-04,STAS API 자동수집. 원천 대조(별책14) 필요. course=영어 | NCIC 성취수준 문서 코드·문구 실재 확인
[12영독01-08],2022_12영독01-08,2022,high,1-3학년,ENG,영어 독해와 작문,독해,독해,다양한 의견과 문화에 대한 공감적 이해와 포용적 태도를 가진다.,,,,,,,,,KICE STAS 학생평가지원포털 (stas.moe.go.kr),,,kice_verified,2026-07-04,STAS API 자동수집. 원천 대조(별책14) 필요. course=영어 | NCIC 성취수준 문서 코드·문구 실재 확인
[12영독01-09],2022_12영독01-09,2022,high,1-3학년,ENG,영어 독해와 작문,독해,독해,적절한 읽기 전략을 적용하여 자기주도적으로 읽기 활동에 참여한다.,,,,,,,,,KICE STAS 학생평가지원포털 (stas.moe.go.kr),,,kice_verified,2026-07-04,STAS API 자동수집. 원천 대조(별책14) 필요. course=영어 | NCIC 성취수준 문서 코드·문구 실재 확인
[12영독02-01],2022_12영독02-01,2022,high,1-3학년,ENG,영어 독해와 작문,작문,작문,다양한 주제에 대한 사실적 정보를 글로 설명한다.,,,,,,,,,KICE STAS 학생평가지원포털 (stas.moe.go.kr),,,kice_verified,2026-07-04,STAS API 자동수집. 원천 대조(별책14) 필요. course=영어 | NCIC 성취수준 문서 코드·문구 실재 확인
[12영독02-02],2022_12영독02-02,2022,high,1-3학년,ENG,영어 독해와 작문,작문,작문,"자신의 경험이나 계획, 사건을 글로 설명한다.",,,,,,,,,KICE STAS 학생평가지원포털 (stas.moe.go.kr),,,kice_verified,2026-07-04,STAS API 자동수집. 원천 대조(별책14) 필요. course=영어 | NCIC 성취수준 문서 코드·문구 실재 확인
[12영독02-03],2022_12영독02-03,2022,high,1-3학년,ENG,영어 독해와 작문,작문,작문,포용적 태도로 자신의 의견이나 감정을 제시한다.,,,,,,,,,KICE STAS 학생평가지원포털 (stas.moe.go.kr),,,kice_verified,2026-07-04,STAS API 자동수집. 원천 대조(별책14) 필요. course=영어 | NCIC 성취수준 문서 코드·문구 실재 확인
[12영독02-04],2022_12영독02-04,2022,high,1-3학년,ENG,영어 독해와 작문,작문,작문,읽은 내용을 재구성하여 요약한다.,,,,,,,,,KICE STAS 학생평가지원포털 (stas.moe.go.kr),,,kice_verified,2026-07-04,STAS API 자동수집. 원천 대조(별책14) 필요. course=영어 | NCIC 성취수준 문서 코드·문구 실재 확인
[12영독02-05],2022_12영독02-05,2022,high,1-3학년,ENG,영어 독해와 작문,작문,작문,"자기소개서, 이력서, 이메일 등의 서식을 목적과 형식에 맞게 작성한다.",,,,,,,,,KICE STAS 학생평가지원포털 (stas.moe.go.kr),,,kice_verified,2026-07-04,STAS API 자동수집. 원천 대조(별책14) 필요. course=영어 | NCIC 성취수준 문서 코드·문구 실재 확인
[12영독02-06],2022_12영독02-06,2022,high,1-3학년,ENG,영어 독해와 작문,작문,작문,내용이나 형식에 맞게 점검하고 쓰기 윤리를 준수하여 고쳐 쓴다.,,,,,,,,,KICE STAS 학생평가지원포털 (stas.moe.go.kr),,,kice_verified,2026-07-04,STAS API 자동수집. 원천 대조(별책14) 필요. course=영어 | NCIC 성취수준 문서 코드·문구 실재 확인
[12영독02-07],2022_12영독02-07,2022,high,1-3학년,ENG,영어 독해와 작문,작문,작문,다양한 매체를 활용하여 형식 및 목적에 맞게 정보를 전달한다.,,,,,,,,,KICE STAS 학생평가지원포털 (stas.moe.go.kr),,,kice_verified,2026-07-04,STAS API 자동수집. 원천 대조(별책14) 필요. course=영어 | NCIC 성취수준 문서 코드·문구 실재 확인
[12영독02-08],2022_12영독02-08,2022,high,1-3학년,ENG,영어 독해와 작문,작문,작문,적절한 쓰기 전략을 적용하여 자기주도적으로 쓰기 활동에 참여한다.,,,,,,,,,KICE STAS 학생평가지원포털 (stas.moe.go.kr),,,kice_verified,2026-07-04,STAS API 자동수집. 원천 대조(별책14) 필요. course=영어 | NCIC 성취수준 문서 코드·문구 실재 확인
[12영문01-01],2022_12영문01-01,2022,high,1-3학년,ENG,영미 문학 읽기,,,다양한 장르와 주제의 문학 작품을 읽고 주요 내용을 요약한다.,,,,,,,,,KICE STAS 학생평가지원포털 (stas.moe.go.kr),,,kice_verified,2026-07-04,STAS API 자동수집. 원천 대조(별책14) 필요. course=영어 | NCIC 성취수준 문서 코드·문구 실재 확인
[12영문01-02],2022_12영문01-02,2022,high,1-3학년,ENG,영미 문학 읽기,,,문학 작품을 읽고 필자나 인물의 의도나 목적을 파악한다.,,,,,,,,,KICE STAS 학생평가지원포털 (stas.moe.go.kr),,,kice_verified,2026-07-04,STAS API 자동수집. 원천 대조(별책14) 필요. course=영어 | NCIC 성취수준 문서 코드·문구 실재 확인
[12영문01-03],2022_12영문01-03,2022,high,1-3학년,ENG,영미 문학 읽기,,,문학 작품을 읽고 자신의 느낌이나 감상을 공유하고 표현한다.,,,,,,,,,KICE STAS 학생평가지원포털 (stas.moe.go.kr),,,kice_verified,2026-07-04,STAS API 자동수집. 원천 대조(별책14) 필요. course=영어 | NCIC 성취수준 문서 코드·문구 실재 확인
[12영문01-04],2022_12영문01-04,2022,high,1-3학년,ENG,영미 문학 읽기,,,이야기나 희곡을 읽고 작품의 구조를 분석하여 구성 요소를 설명한다.,,,,,,,,,KICE STAS 학생평가지원포털 (stas.moe.go.kr),,,kice_verified,2026-07-04,STAS API 자동수집. 원천 대조(별책14) 필요. course=영어 | NCIC 성취수준 문서 코드·문구 실재 확인
[12영문01-05],2022_12영문01-05,2022,high,1-3학년,ENG,영미 문학 읽기,,,"시를 읽고 운율, 이미지, 은유, 상징 등의 문학적 비유 표현과 의미를 파악하고, 창의적인 말이나 글의 형태로 표현한다.",,,,,,,,,KICE STAS 학생평가지원포털 (stas.moe.go.kr),,,kice_verified,2026-07-04,STAS API 자동수집. 원천 대조(별책14) 필요. course=영어 | NCIC 성취수준 문서 코드·문구 실재 확인
[12영문01-06],2022_12영문01-06,2022,high,1-3학년,ENG,영미 문학 읽기,,,다양한 매체를 활용하여 문학 작품의 내용을 다양한 관점으로 분석ㆍ비평한다.,,,,,,,,,KICE STAS 학생평가지원포털 (stas.moe.go.kr),,,kice_verified,2026-07-04,STAS API 자동수집. 원천 대조(별책14) 필요. course=영어 | NCIC 성취수준 문서 코드·문구 실재 확인
[12영문01-07],2022_12영문01-07,2022,high,1-3학년,ENG,영미 문학 읽기,,,"문학 작품을 읽고 우리 문화와 타 문화의 생활 양식, 사고방식, 의사소통 방식의 차이와 다양성에 대해 비교ㆍ분석한다.",,,,,,,,,KICE STAS 학생평가지원포털 (stas.moe.go.kr),,,kice_verified,2026-07-04,STAS API 자동수집. 원천 대조(별책14) 필요. course=영어 | NCIC 성취수준 문서 코드·문구 실재 확인
[12영문01-08],2022_12영문01-08,2022,high,1-3학년,ENG,영미 문학 읽기,,,문학 작품을 읽고 표현이나 주제의 예술적 가치에 대한 심미적인 태도를 기른다.,,,,,,,,,KICE STAS 학생평가지원포털 (stas.moe.go.kr),,,kice_verified,2026-07-04,STAS API 자동수집. 원천 대조(별책14) 필요. course=영어 | NCIC 성취수준 문서 코드·문구 실재 확인
[12영발01-01],2022_12영발01-01,2022,high,1-3학년,ENG,영어 발표와 토론,발표,발표,발표의 목적과 맥락에 맞게 정보를 수집하고 발표 개요를 준비한다.,,,,,,,,,KICE STAS 학생평가지원포털 (stas.moe.go.kr),,,kice_verified,2026-07-04,STAS API 자동수집. 원천 대조(별책14) 필요. course=영어 | NCIC 성취수준 문서 코드·문구 실재 확인
[12영발01-02],2022_12영발01-02,2022,high,1-3학년,ENG,영어 발표와 토론,발표,발표,자신이 경험한 일화나 듣거나 읽은 이야기를 이야기 구조에 맞게 소개한다.,,,,,,,,,KICE STAS 학생평가지원포털 (stas.moe.go.kr),,,kice_verified,2026-07-04,STAS API 자동수집. 원천 대조(별책14) 필요. course=영어 | NCIC 성취수준 문서 코드·문구 실재 확인
[12영발01-03],2022_12영발01-03,2022,high,1-3학년,ENG,영어 발표와 토론,발표,발표,"사물, 개념, 방법, 절차, 통계 자료 등에 대한 사실적 정보를 설명한다.",,,,,,,,,KICE STAS 학생평가지원포털 (stas.moe.go.kr),,,kice_verified,2026-07-04,STAS API 자동수집. 원천 대조(별책14) 필요. course=영어 | NCIC 성취수준 문서 코드·문구 실재 확인
[12영발01-04],2022_12영발01-04,2022,high,1-3학년,ENG,영어 발표와 토론,발표,발표,"사실, 가치, 정책 등에 대한 자신의 관점을 설득력 있게 전달한다.",,,,,,,,,KICE STAS 학생평가지원포털 (stas.moe.go.kr),,,kice_verified,2026-07-04,STAS API 자동수집. 원천 대조(별책14) 필요. course=영어 | NCIC 성취수준 문서 코드·문구 실재 확인
[12영발01-05],2022_12영발01-05,2022,high,1-3학년,ENG,영어 발표와 토론,발표,발표,다양한 매체를 활용하여 정보 윤리를 준수하며 발표한다.,,,,,,,,,KICE STAS 학생평가지원포털 (stas.moe.go.kr),,,kice_verified,2026-07-04,STAS API 자동수집. 원천 대조(별책14) 필요. course=영어 | NCIC 성취수준 문서 코드·문구 실재 확인
[12영발01-06],2022_12영발01-06,2022,high,1-3학년,ENG,영어 발표와 토론,발표,발표,문화 간 다양한 언어적ㆍ비언어적 의사소통 방식을 이해하고 적용한다.,,,,,,,,,KICE STAS 학생평가지원포털 (stas.moe.go.kr),,,kice_verified,2026-07-04,STAS API 자동수집. 원천 대조(별책14) 필요. course=영어 | NCIC 성취수준 문서 코드·문구 실재 확인
[12영발01-07],2022_12영발01-07,2022,high,1-3학년,ENG,영어 발표와 토론,발표,발표,적절한 발표 기법 및 의사소통 전략을 적용한다.,,,,,,,,,KICE STAS 학생평가지원포털 (stas.moe.go.kr),,,kice_verified,2026-07-04,STAS API 자동수집. 원천 대조(별책14) 필요. course=영어 | NCIC 성취수준 문서 코드·문구 실재 확인
[12영발01-08],2022_12영발01-08,2022,high,1-3학년,ENG,영어 발표와 토론,발표,발표,발표 과정 및 결과에 대해서 평가하고 비판적으로 성찰한다.,,,,,,,,,KICE STAS 학생평가지원포털 (stas.moe.go.kr),,,kice_verified,2026-07-04,STAS API 자동수집. 원천 대조(별책14) 필요. course=영어 | NCIC 성취수준 문서 코드·문구 실재 확인
[12영발02-01],2022_12영발02-01,2022,high,1-3학년,ENG,영어 발표와 토론,토론,토론,토론의 목적과 맥락에 맞게 정보를 수집하고 토론 개요를 준비한다.,,,,,,,,,KICE STAS 학생평가지원포털 (stas.moe.go.kr),,,kice_verified,2026-07-04,STAS API 자동수집. 원천 대조(별책14) 필요. course=영어 | NCIC 성취수준 문서 코드·문구 실재 확인
[12영발02-02],2022_12영발02-02,2022,high,1-3학년,ENG,영어 발표와 토론,토론,토론,"학술 자료, 통계, 사례 등 주장에 대한 근거를 설명한다.",,,,,,,,,KICE STAS 학생평가지원포털 (stas.moe.go.kr),,,kice_verified,2026-07-04,STAS API 자동수집. 원천 대조(별책14) 필요. course=영어 | NCIC 성취수준 문서 코드·문구 실재 확인
[12영발02-03],2022_12영발02-03,2022,high,1-3학년,ENG,영어 발표와 토론,토론,토론,토론 논제에 대한 자신의 관점을 설득력 있게 전달한다.,,,,,,,,,KICE STAS 학생평가지원포털 (stas.moe.go.kr),,,kice_verified,2026-07-04,STAS API 자동수집. 원천 대조(별책14) 필요. course=영어 | NCIC 성취수준 문서 코드·문구 실재 확인
[12영발02-04],2022_12영발02-04,2022,high,1-3학년,ENG,영어 발표와 토론,토론,토론,상대방 주장의 논리를 분석하여 반대 심문하며 토론한다.,,,,,,,,,KICE STAS 학생평가지원포털 (stas.moe.go.kr),,,kice_verified,2026-07-04,STAS API 자동수집. 원천 대조(별책14) 필요. course=영어 | NCIC 성취수준 문서 코드·문구 실재 확인
[12영발02-05],2022_12영발02-05,2022,high,1-3학년,ENG,영어 발표와 토론,토론,토론,다양한 매체를 활용하여 정보 윤리를 준수하며 토론한다.,,,,,,,,,KICE STAS 학생평가지원포털 (stas.moe.go.kr),,,kice_verified,2026-07-04,STAS API 자동수집. 원천 대조(별책14) 필요. course=영어 | NCIC 성취수준 문서 코드·문구 실재 확인
[12영발02-06],2022_12영발02-06,2022,high,1-3학년,ENG,영어 발표와 토론,토론,토론,문화 간 다양한 언어적ㆍ비언어적 의사소통 방식을 이해하고 적용한다.,,,,,,,,,KICE STAS 학생평가지원포털 (stas.moe.go.kr),,,kice_verified,2026-07-04,STAS API 자동수집. 원천 대조(별책14) 필요. course=영어 | NCIC 성취수준 문서 코드·문구 실재 확인
[12영발02-07],2022_12영발02-07,2022,high,1-3학년,ENG,영어 발표와 토론,토론,토론,적절한 토론 기법 및 의사소통 전략을 적용한다.,,,,,,,,,KICE STAS 학생평가지원포털 (stas.moe.go.kr),,,kice_verified,2026-07-04,STAS API 자동수집. 원천 대조(별책14) 필요. course=영어 | NCIC 성취수준 문서 코드·문구 실재 확인
[12영발02-08],2022_12영발02-08,2022,high,1-3학년,ENG,영어 발표와 토론,토론,토론,토론 과정 및 결과에 대해서 평가하고 비판적으로 성찰한다.,,,,,,,,,KICE STAS 학생평가지원포털 (stas.moe.go.kr),,,kice_verified,2026-07-04,STAS API 자동수집. 원천 대조(별책14) 필요. course=영어 | NCIC 성취수준 문서 코드·문구 실재 확인
[12직영01-01],2022_12직영01-01,2022,high,1-3학년,ENG,직무 영어,,,진로 및 직무 관련 주제에 관하여 주요 내용을 파악한다.,,,,,,,,,KICE STAS 학생평가지원포털 (stas.moe.go.kr),,,kice_verified,2026-07-04,STAS API 자동수집. 원천 대조(별책14) 필요. course=영어 | NCIC 성취수준 문서 코드·문구 실재 확인
[12직영01-02],2022_12직영01-02,2022,high,1-3학년,ENG,직무 영어,,,직무 수행과 관련된 말이나 대화를 듣고 상황 및 화자 간의 관계를 파악한다.,,,,,,,,,KICE STAS 학생평가지원포털 (stas.moe.go.kr),,,kice_verified,2026-07-04,STAS API 자동수집. 원천 대조(별책14) 필요. course=영어 | NCIC 성취수준 문서 코드·문구 실재 확인
[12직영01-03],2022_12직영01-03,2022,high,1-3학년,ENG,직무 영어,,,진로 탐색 및 직무 수행과 관련된 일이나 사건의 절차나 순서를 파악한다.,,,,,,,,,KICE STAS 학생평가지원포털 (stas.moe.go.kr),,,kice_verified,2026-07-04,STAS API 자동수집. 원천 대조(별책14) 필요. course=영어 | NCIC 성취수준 문서 코드·문구 실재 확인
[12직영01-04],2022_12직영01-04,2022,high,1-3학년,ENG,직무 영어,,,직무 수행과 관련된 정보에 대해 적절한 의사소통 전략을 적용하여 묻고 답한다.,,,,,,,,,KICE STAS 학생평가지원포털 (stas.moe.go.kr),,,kice_verified,2026-07-04,STAS API 자동수집. 원천 대조(별책14) 필요. course=영어 | NCIC 성취수준 문서 코드·문구 실재 확인
[12직영01-05],2022_12직영01-05,2022,high,1-3학년,ENG,직무 영어,,,직무 수행과 관련된 사실적 정보를 다양한 매체를 활용하여 재구성하여 전달한다.,,,,,,,,,KICE STAS 학생평가지원포털 (stas.moe.go.kr),,,kice_verified,2026-07-04,STAS API 자동수집. 원천 대조(별책14) 필요. course=영어 | NCIC 성취수준 문서 코드·문구 실재 확인
[12직영01-06],2022_12직영01-06,2022,high,1-3학년,ENG,직무 영어,,,진로 탐색 및 직무 수행 상황이나 목적에 맞는 서식의 글을 작성한다.,,,,,,,,,KICE STAS 학생평가지원포털 (stas.moe.go.kr),,,kice_verified,2026-07-04,STAS API 자동수집. 원천 대조(별책14) 필요. course=영어 | NCIC 성취수준 문서 코드·문구 실재 확인
[12직영01-07],2022_12직영01-07,2022,high,1-3학년,ENG,직무 영어,,,직무와 관련된 문화의 다양성에 대해 공감하며 협력적으로 소통하는 태도를 가진다.,,,,,,,,,KICE STAS 학생평가지원포털 (stas.moe.go.kr),,,kice_verified,2026-07-04,STAS API 자동수집. 원천 대조(별책14) 필요. course=영어 | NCIC 성취수준 문서 코드·문구 실재 확인
[12직영01-08],2022_12직영01-08,2022,high,1-3학년,ENG,직무 영어,,,직무 의사소통과 관련하여 개인의 권리와 정보 보안에 대한 책무성을 인식한다.,,,,,,,,,KICE STAS 학생평가지원포털 (stas.moe.go.kr),,,kice_verified,2026-07-04,STAS API 자동수집. 원천 대조(별책14) 필요. course=영어 | NCIC 성취수준 문서 코드·문구 실재 확인
[12진영01-01],2015_12진영01-01,2015,high,1-3학년,ENG,진로 영어,듣기 ,듣기 영역,다양한 직업 및 진로에 관한 말이나 대화를 듣고 세부 정보를 파악할 수 있다.,,,,,,,,,KICE STAS 학생평가지원포털 (stas.moe.go.kr),,,kice_verified,2026-07-04,STAS API 자동수집. 원천 대조(별책14) 필요. course=영어 | NCIC 성취수준 문서 코드·문구 실재 확인
[12진영01-02],2015_12진영01-02,2015,high,1-3학년,ENG,진로 영어,듣기 ,듣기 영역,다양한 직업 및 진로에 관한 말이나 대화를 듣고 주제 및 요지를 파악할 수 있다.,,,,,,,,,KICE STAS 학생평가지원포털 (stas.moe.go.kr),,,kice_verified,2026-07-04,STAS API 자동수집. 원천 대조(별책14) 필요. course=영어 | NCIC 성취수준 문서 코드·문구 실재 확인
[12진영01-03],2015_12진영01-03,2015,high,1-3학년,ENG,진로 영어,듣기 ,듣기 영역,다양한 직업 분야에서 수행하는 업무에 관한 말이나 대화를 듣고 내용의 논리적 관계를 파악할 수 있다.,,,,,,,,,KICE STAS 학생평가지원포털 (stas.moe.go.kr),,,kice_verified,2026-07-04,STAS API 자동수집. 원천 대조(별책14) 필요. course=영어 | NCIC 성취수준 문서 코드·문구 실재 확인
[12진영01-04],2015_12진영01-04,2015,high,1-3학년,ENG,진로 영어,듣기 ,듣기 영역,다양한 직업 분야에서 수행하는 업무에 관한 말이나 대화를 듣고 화자의 의도나 말의 목적을 파악할 수 있다.,,,,,,,,,KICE STAS 학생평가지원포털 (stas.moe.go.kr),,,kice_verified,2026-07-04,STAS API 자동수집. 원천 대조(별책14) 필요. course=영어 | NCIC 성취수준 문서 코드·문구 실재 확인
[12진영01-05],2015_12진영01-05,2015,high,1-3학년,ENG,진로 영어,듣기 ,듣기 영역,다양한 직업 및 진로에 관한 말이나 대화를 듣고 화자의 심정이나 태도를 추론할 수 있다.,,,,,,,,,KICE STAS 학생평가지원포털 (stas.moe.go.kr),,,kice_verified,2026-07-04,STAS API 자동수집. 원천 대조(별책14) 필요. course=영어 | NCIC 성취수준 문서 코드·문구 실재 확인
[12진영02-01],2015_12진영02-01,2015,high,1-3학년,ENG,진로 영어,말하기,말하기 영역,다양한 직업 및 진로에 관하여 듣거나 읽고 세부 정보를 설명할 수 있다.,,,,,,,,,KICE STAS 학생평가지원포털 (stas.moe.go.kr),,,kice_verified,2026-07-04,STAS API 자동수집. 원천 대조(별책14) 필요. course=영어 | NCIC 성취수준 문서 코드·문구 실재 확인
[12진영02-02],2015_12진영02-02,2015,high,1-3학년,ENG,진로 영어,말하기,말하기 영역,다양한 직업 및 진로에 관하여 듣거나 읽고 중심 내용을 말할 수 있다.,,,,,,,,,KICE STAS 학생평가지원포털 (stas.moe.go.kr),,,kice_verified,2026-07-04,STAS API 자동수집. 원천 대조(별책14) 필요. course=영어 | NCIC 성취수준 문서 코드·문구 실재 확인
[12진영02-03],2015_12진영02-03,2015,high,1-3학년,ENG,진로 영어,말하기,말하기 영역,다양한 직업 및 진로에 관해 자신의 의견이나 감정을 표현할 수 있다.,,,,,,,,,KICE STAS 학생평가지원포털 (stas.moe.go.kr),,,kice_verified,2026-07-04,STAS API 자동수집. 원천 대조(별책14) 필요. course=영어 | NCIC 성취수준 문서 코드·문구 실재 확인
[12진영02-04],2015_12진영02-04,2015,high,1-3학년,ENG,진로 영어,말하기,말하기 영역,다양한 직업 및 진로에 관한 정보를 묻고 답할 수 있다.,,,,,,,,,KICE STAS 학생평가지원포털 (stas.moe.go.kr),,,kice_verified,2026-07-04,STAS API 자동수집. 원천 대조(별책14) 필요. course=영어 | NCIC 성취수준 문서 코드·문구 실재 확인
[12진영02-05],2015_12진영02-05,2015,high,1-3학년,ENG,진로 영어,말하기,말하기 영역,"그림, 표, 서식 등을 활용하여 프레젠테이션을 할 수 있다.",,,,,,,,,KICE STAS 학생평가지원포털 (stas.moe.go.kr),,,kice_verified,2026-07-04,STAS API 자동수집. 원천 대조(별책14) 필요. course=영어 | NCIC 성취수준 문서 코드·문구 실재 확인
[12진영02-06],2015_12진영02-06,2015,high,1-3학년,ENG,진로 영어,말하기,말하기 영역,다양한 직업 및 진로에 필요한 인터뷰를 적절하게 수행할 수 있다.,,,,,,,,,KICE STAS 학생평가지원포털 (stas.moe.go.kr),,,kice_verified,2026-07-04,STAS API 자동수집. 원천 대조(별책14) 필요. course=영어 | NCIC 성취수준 문서 코드·문구 실재 확인
[12진영03-01],2015_12진영03-01,2015,high,1-3학년,ENG,진로 영어,읽기 ,읽기 영역,다양한 직업 및 진로에 관한 글을 읽고 세부 정보를 파악할 수 있다.,,,,,,,,,KICE STAS 학생평가지원포털 (stas.moe.go.kr),,,kice_verified,2026-07-04,STAS API 자동수집. 원천 대조(별책14) 필요. course=영어 | NCIC 성취수준 문서 코드·문구 실재 확인
[12진영03-02],2015_12진영03-02,2015,high,1-3학년,ENG,진로 영어,읽기 ,읽기 영역,다양한 직업 및 진로에 관한 글을 읽고 주제 및 요지를 파악할 수 있다.,,,,,,,,,KICE STAS 학생평가지원포털 (stas.moe.go.kr),,,stas_import,2026-07-04,STAS API 자동수집. 원천 대조(별책14) 필요. course=영어
[12진영03-03],2015_12진영03-03,2015,high,1-3학년,ENG,진로 영어,읽기 ,읽기 영역,다양한 직업 및 진로에 관한 글을 읽고 논리적 관계를 파악할 수 있다.,,,,,,,,,KICE STAS 학생평가지원포털 (stas.moe.go.kr),,,stas_import,2026-07-04,STAS API 자동수집. 원천 대조(별책14) 필요. course=영어
[12진영03-04],2015_12진영03-04,2015,high,1-3학년,ENG,진로 영어,읽기 ,읽기 영역,다양한 직업 및 진로에 관한 글을 읽고 필자의 의도나 글의 목적을 파악할 수 있다.,,,,,,,,,KICE STAS 학생평가지원포털 (stas.moe.go.kr),,,stas_import,2026-07-04,STAS API 자동수집. 원천 대조(별책14) 필요. course=영어
[12진영04-01],2015_12진영04-01,2015,high,1-3학년,ENG,진로 영어,쓰기 ,쓰기 영역,다양한 직업 및 진로에 관하여 듣거나 읽고 세부 정보를 기록할 수 있다.,,,,,,,,,KICE STAS 학생평가지원포털 (stas.moe.go.kr),,,kice_verified,2026-07-04,STAS API 자동수집. 원천 대조(별책14) 필요. course=영어 | NCIC 성취수준 문서 코드·문구 실재 확인
[12진영04-02],2015_12진영04-02,2015,high,1-3학년,ENG,진로 영어,쓰기 ,쓰기 영역,다양한 직업 및 진로에 관하여 듣거나 읽고 간단하게 요약할 수 있다.,,,,,,,,,KICE STAS 학생평가지원포털 (stas.moe.go.kr),,,kice_verified,2026-07-04,STAS API 자동수집. 원천 대조(별책14) 필요. course=영어 | NCIC 성취수준 문서 코드·문구 실재 확인
[12진영04-03],2015_12진영04-03,2015,high,1-3학년,ENG,진로 영어,쓰기 ,쓰기 영역,다양한 직업 및 진로에 관해 의견이나 감정을 쓸 수 있다.,,,,,,,,,KICE STAS 학생평가지원포털 (stas.moe.go.kr),,,kice_verified,2026-07-04,STAS API 자동수집. 원천 대조(별책14) 필요. course=영어 | NCIC 성취수준 문서 코드·문구 실재 확인
[12진영04-04],2015_12진영04-04,2015,high,1-3학년,ENG,진로 영어,쓰기 ,쓰기 영역,"사람, 사물, 사건에 대하여 상세하게 묘사하는 글을 쓸 수 있다.",,,,,,,,,KICE STAS 학생평가지원포털 (stas.moe.go.kr),,,kice_verified,2026-07-04,STAS API 자동수집. 원천 대조(별책14) 필요. course=영어 | NCIC 성취수준 문서 코드·문구 실재 확인
[12진영04-05],2015_12진영04-05,2015,high,1-3학년,ENG,진로 영어,쓰기 ,쓰기 영역,"자기소개서, 서식, 이메일 등을 상황과 목적에 맞게 작성할 수 있다.",,,,,,,,,KICE STAS 학생평가지원포털 (stas.moe.go.kr),,,kice_verified,2026-07-04,STAS API 자동수집. 원천 대조(별책14) 필요. course=영어 | NCIC 성취수준 문서 코드·문구 실재 확인
[12진영04-06],2015_12진영04-06,2015,high,1-3학년,ENG,진로 영어,쓰기 ,쓰기 영역,자신의 직업 및 진로에 대한 계획서를 쓸 수 있다.,,,,,,,,,KICE STAS 학생평가지원포털 (stas.moe.go.kr),,,kice_verified,2026-07-04,STAS API 자동수집. 원천 대조(별책14) 필요. course=영어 | NCIC 성취수준 문서 코드·문구 실재 확인
[4영01-08],2022_4영01-08,2022,elementary,3-4학년,ENG,영어,UND,이해,다양한 매체로 표현된 담화나 문장을 흥미를 가지고 듣거나 읽는다.,,,,,,,,,KICE STAS 학생평가지원포털 (stas.moe.go.kr),,,stas_import,2026-07-04,STAS API 자동수집. 원천 대조(별책14) 필요. course=영어
[4영01-09],2022_4영01-09,2022,elementary,3-4학년,ENG,영어,UND,이해,"시, 노래, 이야기를 공감하며 듣는다.",,,,,,,,,KICE STAS 학생평가지원포털 (stas.moe.go.kr),,,stas_import,2026-07-04,STAS API 자동수집. 원천 대조(별책14) 필요. course=영어
[4영01-10],2022_4영01-10,2022,elementary,3-4학년,ENG,영어,UND,이해,자기 주변 주제나 문화에 관한 담화나 문장을 존중의 태도로 듣거나 읽는다.,,,,,,,,,KICE STAS 학생평가지원포털 (stas.moe.go.kr),,,stas_import,2026-07-04,STAS API 자동수집. 원천 대조(별책14) 필요. course=영어
[4영02-08],2022_4영02-08,2022,elementary,3-4학년,ENG,영어,EXP,표현,자기 주변 주제에 관한 담화의 주요 정보를 묻거나 답한다.,,,,,,,,,KICE STAS 학생평가지원포털 (stas.moe.go.kr),,,stas_import,2026-07-04,STAS API 자동수집. 원천 대조(별책14) 필요. course=영어
[4영02-09],2022_4영02-09,2022,elementary,3-4학년,ENG,영어,EXP,표현,적절한 매체나 전략을 활용하여 창의적으로 의미를 표현한다.,,,,,,,,,KICE STAS 학생평가지원포털 (stas.moe.go.kr),,,stas_import,2026-07-04,STAS API 자동수집. 원천 대조(별책14) 필요. course=영어
[4영02-10],2022_4영02-10,2022,elementary,3-4학년,ENG,영어,EXP,표현,의사소통 활동에 흥미와 자신감을 가지고 대화 예절을 지키며 참여한다.,,,,,,,,,KICE STAS 학생평가지원포털 (stas.moe.go.kr),,,stas_import,2026-07-04,STAS API 자동수집. 원천 대조(별책14) 필요. course=영어
[6영01-08],2022_6영01-08,2022,elementary,5-6학년,ENG,영어,UND,이해,다양한 매체로 표현된 담화나 글을 흥미와 자신감을 가지고 듣거나 읽는다.,,,,,,,,,KICE STAS 학생평가지원포털 (stas.moe.go.kr),,,stas_import,2026-07-04,STAS API 자동수집. 원천 대조(별책14) 필요. course=영어
[6영01-09],2022_6영01-09,2022,elementary,5-6학년,ENG,영어,UND,이해,"시, 노래, 이야기를 공감하며 듣거나 읽는다.",,,,,,,,,KICE STAS 학생평가지원포털 (stas.moe.go.kr),,,stas_import,2026-07-04,STAS API 자동수집. 원천 대조(별책14) 필요. course=영어
[6영01-10],2022_6영01-10,2022,elementary,5-6학년,ENG,영어,UND,이해,일상생활 주제나 문화에 관한 담화나 글을 포용의 태도로 듣거나 읽는다.,,,,,,,,,KICE STAS 학생평가지원포털 (stas.moe.go.kr),,,stas_import,2026-07-04,STAS API 자동수집. 원천 대조(별책14) 필요. course=영어
[6영02-08],2022_6영02-08,2022,elementary,5-6학년,ENG,영어,EXP,표현,예시문을 참고하여 목적에 맞는 간단한 글을 쓴다.,,,,,,,,,KICE STAS 학생평가지원포털 (stas.moe.go.kr),,,stas_import,2026-07-04,STAS API 자동수집. 원천 대조(별책14) 필요. course=영어
[6영02-09],2022_6영02-09,2022,elementary,5-6학년,ENG,영어,EXP,표현,적절한 매체와 전략을 활용하여 창의적으로 의미를 생성하고 표현한다.,,,,,,,,,KICE STAS 학생평가지원포털 (stas.moe.go.kr),,,stas_import,2026-07-04,STAS API 자동수집. 원천 대조(별책14) 필요. course=영어
[6영02-10],2022_6영02-10,2022,elementary,5-6학년,ENG,영어,EXP,표현,의사소통 활동에 흥미와 자신감을 가지고 참여하여 협력적으로 수행한다.,,,,,,,,,KICE STAS 학생평가지원포털 (stas.moe.go.kr),,,stas_import,2026-07-04,STAS API 자동수집. 원천 대조(별책14) 필요. course=영어
[9영01-10],2022_9영01-10,2022,middle,1-3학년,ENG,영어,UND,이해,자신의 관심사에 관한 다양한 담화나 글을 선택하여 적극적으로 듣거나 읽는다.,,,,,,,,,KICE STAS 학생평가지원포털 (stas.moe.go.kr),,,stas_import,2026-07-04,STAS API 자동수집. 원천 대조(별책14) 필요. course=영어
[9영02-11],2022_9영02-11,2022,middle,1-3학년,ENG,영어,EXP,표현,상대방을 배려하는 태도로 말하거나 쓴다.,,,,,,,,,KICE STAS 학생평가지원포털 (stas.moe.go.kr),,,stas_import,2026-07-04,STAS API 자동수집. 원천 대조(별책14) 필요. course=영어
